location,max_delivered,distinct_job_imb_count,all_pieces,scanned,client_company,mailing_name,mailing_status,mailing_date,orgId,startTheClockDate,scanFacilityName,JobID,delivery_date,pieceId,latitude,longitude
"01201,United States",1,622,4302,1230,Qualprint,4538 - HASHVI 2412205,1,2024-11-27,OpVnPvMxgZur5plaqKtB,2024-11-29,,4538,2024-12-29,a9a66da1-a902-11ef-bfa6-c5aed389b69d,42.4531,-73.2471
"06101,United States",1,260,4302,1260,Qualprint,4538 - HASHVI 2412205,1,2024-11-27,OpVnPvMxgZur5plaqKtB,2024-11-27,HARTFORD,4538,2024-12-30,31959f6c-a903-11ef-937d-7f9df8d1bd99,41.7801,-72.6771
"01267,United States",1,172,4302,1172,Qualprint,4538 - HASHVI 2412205,1,2024-11-27,OpVnPvMxgZur5plaqKtB,2024-11-29,,4538,2024-11-29,b4ca72d2-a902-11ef-8316-2956f7236738,42.7089,-73.2036
"01240,United States",1,143,4302,1143,Qualprint,4538 - HASHVI 2412205,1,2024-11-27,OpVnPvMxgZur5plaqKtB,2024-11-29,,4538,2024-11-29,468cbfc9-a903-11ef-aadf-c9ca81d212b8,42.3642,-73.2713
"01230,United States",1,110,4302,1210,Qualprint,4538 - HASHVI 2412205,1,2024-11-27,OpVnPvMxgZur5plaqKtB,2024-11-29,,4538,2024-11-29,e950574e-a902-11ef-937d-7f9df8d1bd99,42.1959,-73.3607
"12288,United States",1,70,4302,1170,Qualprint,4538 - HASHVI 2412205,1,2024-11-27,OpVnPvMxgZur5plaqKtB,2024-11-27,ALBANY,4538,2024-12-02,64e7c95f-a904-11ef-88a3-b332ca0a7804,42.6526,-73.7562
"01226,United States",1,65,4302,1265,Qualprint,4538 - HASHVI 2412205,1,2024-11-27,OpVnPvMxgZur5plaqKtB,2024-11-29,,4538,2024-11-29,c3b33642-a904-11ef-b573-3dbb81e63688,42.475,-73.1603
"01238,United States",1,63,4302,1263,Qualprint,4538 - HASHVI 2412205,1,2024-11-27,OpVnPvMxgZur5plaqKtB,2024-11-29,,4538,2024-11-29,728c37d1-a904-11ef-b6ee-99fe490b983b,42.299,-73.2317
"01254,United States",1,62,4302,1262,Qualprint,4538 - HASHVI 2412205,1,2024-11-27,OpVnPvMxgZur5plaqKtB,2024-11-29,,4538,2024-11-29,fbb8e833-a903-11ef-a570-9dcc894cbec2,42.3784,-73.3645
"01247,United States",1,49,4302,1239,Qualprint,4538 - HASHVI 2412205,1,2024-11-27,OpVnPvMxgZur5plaqKtB,2024-12-29,,4538,2024-12-29,1f58bd01-a903-11ef-8414-b1dc88d05ed4,42.6955,-73.08
"01262,United States",1,48,4302,48,Qualprint,4538 - HASHVI 2412205,1,2024-11-27,OpVnPvMxgZur5plaqKtB,2024-11-29,,4538,2024-11-29,370a37e4-a902-11ef-a816-e9a333d5a54f,42.301,-73.3223
"01266,United States",1,47,4302,47,Qualprint,4538 - HASHVI 2412205,1,2024-11-27,OpVnPvMxgZur5plaqKtB,2024-11-29,,4538,2024-11-29,05203e99-a903-11ef-8414-b1dc88d05ed4,42.3348,-73.3825
"01220,United States",1,46,4302,46,Qualprint,4538 - HASHVI 2412205,1,2024-11-27,OpVnPvMxgZur5plaqKtB,2024-11-29,,4538,2024-12-29,1a1bb9dc-a905-11ef-b8d3-b3f555baf86b,42.6223,-73.1172
"12029,United States",1,30,4302,2130,Qualprint,4538 - HASHVI 2412205,1,2024-11-27,OpVnPvMxgZur5plaqKtB,2024-11-27,,4538,2024-11-29,d9f52623-a904-11ef-9696-4de1e6330e26,42.4132,-73.4159
"12180,United States",1,29,4302,3212,Qualprint,4538 - HASHVI 2412205,1,2024-11-27,OpVnPvMxgZur5plaqKtB,2024-11-27,,4538,2024-11-29,f8d4a971-a902-11ef-8316-2956f7236738,42.7287,-73.6683
"01257,United States",1,28,4302,28,Qualprint,4538 - HASHVI 2412205,1,2024-11-27,OpVnPvMxgZur5plaqKtB,2024-11-29,,4538,2024-12-29,a2f12255-a904-11ef-a570-9dcc894cbec2,42.1001,-73.3611
"01235,United States",1,27,4302,27,Qualprint,4538 - HASHVI 2412205,1,2024-11-27,OpVnPvMxgZur5plaqKtB,2024-11-29,,4538,2024-11-29,45b0a5bc-a905-11ef-b8d3-b3f555baf86b,42.4298,-73.0724
"02205,United States",1,23,4302,2223,Qualprint,4538 - HASHVI 2412205,1,2024-11-27,OpVnPvMxgZur5plaqKtB,2024-11-27,BOSTON,4538,2024-11-29,3b266f8c-a905-11ef-b8d3-b3f555baf86b,42.3503,-71.0539
"01223,United States",1,23,4302,2323,Qualprint,4538 - HASHVI 2412205,1,2024-11-27,OpVnPvMxgZur5plaqKtB,2024-11-29,,4538,2024-11-29,3842cd07-a904-11ef-aadf-c9ca81d212b8,42.3594,-73.1203
"12125,United States",1,23,4302,1223,Qualprint,4538 - HASHVI 2412205,1,2024-11-27,OpVnPvMxgZur5plaqKtB,2024-11-27,,4538,2024-12-29,e36dfe44-a902-11ef-b972-275f3d92c4ca,42.4759,-73.3773
"01060,United States",1,22,4302,2200,Qualprint,4538 - HASHVI 2412205,1,2024-11-27,OpVnPvMxgZur5plaqKtB,2024-11-29,,4538,2024-11-29,a543fded-a902-11ef-b487-5988d5a3dcfe,42.3223,-72.6313
"12060,United States",1,21,4302,1921,Qualprint,4538 - HASHVI 2412205,1,2024-11-27,OpVnPvMxgZur5plaqKtB,2024-11-27,,4538,2024-11-29,7674f5a1-a902-11ef-b9a6-cb521dbaab41,42.433,-73.4903
"12037,United States",1,21,4302,2118,Qualprint,4538 - HASHVI 2412205,1,2024-11-27,OpVnPvMxgZur5plaqKtB,2024-11-27,,4538,2024-11-29,e05847e9-a904-11ef-b8d3-b3f555baf86b,42.3496,-73.5873
"12018,United States",1,20,4302,2009,Qualprint,4538 - HASHVI 2412205,1,2024-11-27,OpVnPvMxgZur5plaqKtB,2024-11-27,,4538,2024-11-29,9995f646-a904-11ef-a570-9dcc894cbec2,42.6365,-73.5504
"14692,United States",0,19,4302,1900,Qualprint,4538 - HASHVI 2412205,1,2024-11-27,OpVnPvMxgZur5plaqKtB,2024-11-29,ROCHESTER,4538,2024-12-02,476fb04d-a904-11ef-a727-9bf7a5686735,43.286,-77.6843
"01225,United States",1,19,4302,1219,Qualprint,4538 - HASHVI 2412205,1,2024-11-27,OpVnPvMxgZur5plaqKtB,2024-11-29,,4538,2024-11-29,1bc6ee53-a904-11ef-b6ee-99fe490b983b,42.5611,-73.158
"12168,United States",1,19,4302,1901,Qualprint,4538 - HASHVI 2412205,1,2024-11-27,OpVnPvMxgZur5plaqKtB,2024-11-27,,4538,2024-11-29,a431fc38-a903-11ef-aadf-c9ca81d212b8,42.5487,-73.374
"11215,United States",1,16,4302,1623,Qualprint,4538 - HASHVI 2412205,1,2024-11-27,OpVnPvMxgZur5plaqKtB,2024-11-29,,4538,2024-11-29,e67f35e1-a902-11ef-b972-275f3d92c4ca,40.6669,-73.9828
"12184,United States",1,16,4302,1601,Qualprint,4538 - HASHVI 2412205,1,2024-11-27,OpVnPvMxgZur5plaqKtB,2024-11-27,,4538,2024-12-02,98100f34-a903-11ef-b6ee-99fe490b983b,42.4321,-73.6683
"12033,United States",1,15,4302,1523,Qualprint,4538 - HASHVI 2412205,1,2024-11-27,OpVnPvMxgZur5plaqKtB,2024-11-27,,4538,2024-11-29,4eab57ca-a904-11ef-b573-3dbb81e63688,42.5376,-73.7071
"10024,United States",1,15,4302,2315,Qualprint,4538 - HASHVI 2412205,1,2024-11-27,OpVnPvMxgZur5plaqKtB,2024-11-27,,4538,2024-11-29,544fbd57-a904-11ef-8414-b1dc88d05ed4,40.7864,-73.9764
"10199,United States",1,15,4302,1504,Qualprint,4538 - HASHVI 2412205,1,2024-11-27,OpVnPvMxgZur5plaqKtB,2024-11-27,NEW YORK,4538,2024-12-02,e9cd3315-a903-11ef-b6ee-99fe490b983b,40.7503,-74.0006
"12208,United States",1,14,4302,1400,Qualprint,4538 - HASHVI 2412205,1,2024-11-27,OpVnPvMxgZur5plaqKtB,2024-11-27,,4538,2024-11-29,e4295f0d-a902-11ef-9ad8-3d831072383e,42.656,-73.7964
"01237,United States",1,14,4302,1400,Qualprint,4538 - HASHVI 2412205,1,2024-11-27,OpVnPvMxgZur5plaqKtB,2024-11-29,,4538,2024-11-29,8e4378f1-a902-11ef-91e3-f775831144c7,42.5173,-73.2282
"12211,United States",1,14,4302,1400,Qualprint,4538 - HASHVI 2412205,1,2024-11-27,OpVnPvMxgZur5plaqKtB,2024-11-27,,4538,2024-11-29,719438bc-a903-11ef-aa98-5d162523f7e3,42.713,-73.7739
"10025,United States",1,13,4302,2400,Qualprint,4538 - HASHVI 2412205,1,2024-11-27,OpVnPvMxgZur5plaqKtB,2024-11-27,,4538,2024-11-29,21178e91-a904-11ef-8414-b1dc88d05ed4,40.7975,-73.9683
"01027,United States",1,13,4302,1323,Qualprint,4538 - HASHVI 2412205,1,2024-11-27,OpVnPvMxgZur5plaqKtB,2024-11-29,,4538,2024-11-29,557ac542-a903-11ef-bec1-9579cdb7a1fb,42.2668,-72.669
"12061,United States",1,13,4302,13,Qualprint,4538 - HASHVI 2412205,1,2024-11-27,OpVnPvMxgZur5plaqKtB,2024-11-27,,4538,2024-11-29,c43b63f1-a902-11ef-97ba-e7c3c1d85211,42.5951,-73.6826
"12075,United States",1,12,4302,12,Qualprint,4538 - HASHVI 2412205,1,2024-11-27,OpVnPvMxgZur5plaqKtB,2024-11-27,,4538,2024-11-29,1af84913-a903-11ef-897a-4f7ac04b3f94,42.3036,-73.6486
"05001,United States",0,12,4302,1400,Qualprint,4538 - HASHVI 2412205,1,2024-11-27,OpVnPvMxgZur5plaqKtB,2024-11-29,WHITE RIVER JUNCTION,4538,2024-12-02,c2ed3911-a902-11ef-97ba-e7c3c1d85211,43.6722,-72.3813
"12065,United States",1,12,4302,1400,Qualprint,4538 - HASHVI 2412205,1,2024-11-27,OpVnPvMxgZur5plaqKtB,2024-11-27,,4538,2024-11-29,96be0914-a902-11ef-ac12-fff481f5d281,42.8499,-73.7851
"10003,United States",1,12,4302,1400,Qualprint,4538 - HASHVI 2412205,1,2024-11-27,OpVnPvMxgZur5plaqKtB,2024-11-27,,4538,2024-11-29,04e0014c-a903-11ef-b588-77b3fbc4c29d,40.7313,-73.9892
"01075,United States",1,11,4302,1400,Qualprint,4538 - HASHVI 2412205,1,2024-11-27,OpVnPvMxgZur5plaqKtB,2024-11-29,,4538,2024-11-29,d6246f21-a904-11ef-b8d3-b3f555baf86b,42.2375,-72.5811
"01270,United States",1,11,4302,1400,Qualprint,4538 - HASHVI 2412205,1,2024-11-27,OpVnPvMxgZur5plaqKtB,2024-11-29,,4538,2024-11-29,8ee38221-a905-11ef-b8d3-b3f555baf86b,42.515,-73.0412
"12309,United States",1,11,4302,1400,Qualprint,4538 - HASHVI 2412205,1,2024-11-27,OpVnPvMxgZur5plaqKtB,2024-11-27,,4538,2024-11-29,612ed586-a903-11ef-97ba-e7c3c1d85211,42.8091,-73.8693
"10028,United States",1,11,4302,1400,Qualprint,4538 - HASHVI 2412205,1,2024-11-27,OpVnPvMxgZur5plaqKtB,2024-11-27,,4538,2024-11-29,e27fa6a1-a902-11ef-9ad8-3d831072383e,40.7763,-73.9529
"01002,United States",1,11,4302,1400,Qualprint,4538 - HASHVI 2412205,1,2024-11-27,OpVnPvMxgZur5plaqKtB,2024-11-29,,4538,2024-11-29,b074df00-a903-11ef-aadf-c9ca81d212b8,42.3671,-72.4646
"11256,United States",1,11,4302,1400,Qualprint,4538 - HASHVI 2412205,1,2024-11-27,OpVnPvMxgZur5plaqKtB,2024-11-29,BROOKLYN,4538,2024-12-02,aae56b65-a904-11ef-b573-3dbb81e63688,40.6451,-73.945
"01085,United States",1,10,4302,1400,Qualprint,4538 - HASHVI 2412205,1,2024-11-27,OpVnPvMxgZur5plaqKtB,2024-11-29,,4538,2024-11-29,855147e1-a902-11ef-9cfe-4d2828bc361d,42.1251,-72.7495
"12123,United States",1,10,4302,10,Qualprint,4538 - HASHVI 2412205,1,2024-11-27,OpVnPvMxgZur5plaqKtB,2024-11-27,,4538,2024-11-29,c2782163-a908-11ef-9562-c1c871c2ed10,42.5271,-73.6118
"12054,United States",1,10,4302,1400,Qualprint,4538 - HASHVI 2412205,1,2024-11-27,OpVnPvMxgZur5plaqKtB,2024-11-27,,4538,2024-11-29,18120723-a905-11ef-b573-3dbb81e63688,42.6158,-73.8373
"11201,United States",1,10,4302,2311,Qualprint,4538 - HASHVI 2412205,1,2024-11-27,OpVnPvMxgZur5plaqKtB,2024-11-29,,4538,2024-11-29,ebdb5279-a903-11ef-b6ee-99fe490b983b,40.694,-73.9903
"01026,United States",1,9,4302,9,Qualprint,4538 - HASHVI 2412205,1,2024-11-27,OpVnPvMxgZur5plaqKtB,2024-11-29,,4538,2024-11-29,fcfe2ec1-a902-11ef-a816-e9a333d5a54f,42.4633,-72.9202
"12136,United States",1,9,4302,9,Qualprint,4538 - HASHVI 2412205,1,2024-11-27,OpVnPvMxgZur5plaqKtB,2024-11-27,,4538,2024-11-29,ca55d21c-a904-11ef-b573-3dbb81e63688,42.4357,-73.5545
"12866,United States",1,9,4302,9,Qualprint,4538 - HASHVI 2412205,1,2024-11-27,OpVnPvMxgZur5plaqKtB,2024-11-27,,4538,2024-11-29,422b4f90-a905-11ef-b8d3-b3f555baf86b,43.0708,-73.7408
"12110,United States",1,9,4302,2311,Qualprint,4538 - HASHVI 2412205,1,2024-11-27,OpVnPvMxgZur5plaqKtB,2024-11-27,,4538,2024-11-29,95b8a6fe-a902-11ef-bec1-9579cdb7a1fb,42.7462,-73.763
"10023,United States",1,9,4302,9,Qualprint,4538 - HASHVI 2412205,1,2024-11-27,OpVnPvMxgZur5plaqKtB,2024-11-27,,4538,2024-11-29,2ece9021-a903-11ef-a727-9bf7a5686735,40.7764,-73.9827
"12106,United States",1,9,4302,2311,Qualprint,4538 - HASHVI 2412205,1,2024-11-27,OpVnPvMxgZur5plaqKtB,2024-11-27,,4538,2024-11-29,adda0531-a902-11ef-a816-e9a333d5a54f,42.3767,-73.7183
"01106,United States",1,9,4302,9,Qualprint,4538 - HASHVI 2412205,1,2024-11-27,OpVnPvMxgZur5plaqKtB,2024-11-29,,4538,2024-11-29,295706e3-a903-11ef-9ad8-3d831072383e,42.0507,-72.5676
"10610,United States",1,8,4302,8,Qualprint,4538 - HASHVI 2412205,1,2024-11-27,OpVnPvMxgZur5plaqKtB,2024-11-29,WESTCHESTER,4538,2024-12-02,e3de9a65-a902-11ef-937d-7f9df8d1bd99,41.119,-73.733
"12198,United States",1,8,4302,8,Qualprint,4538 - HASHVI 2412205,1,2024-11-27,OpVnPvMxgZur5plaqKtB,2024-11-27,,4538,2024-11-29,959b8203-a902-11ef-8414-b1dc88d05ed4,42.6878,-73.6383
"12047,United States",1,8,4302,8,Qualprint,4538 - HASHVI 2412205,1,2024-11-27,OpVnPvMxgZur5plaqKtB,2024-11-27,,4538,2024-11-29,31bcb9f1-a904-11ef-b573-3dbb81e63688,42.7754,-73.7124
"10011,United States",1,8,4302,8,Qualprint,4538 - HASHVI 2412205,1,2024-11-27,OpVnPvMxgZur5plaqKtB,2024-11-27,,4538,2024-11-29,e67a53ed-a902-11ef-937d-7f9df8d1bd99,40.7402,-73.9996
"12529,United States",1,8,4302,2311,Qualprint,4538 - HASHVI 2412205,1,2024-11-27,OpVnPvMxgZur5plaqKtB,2024-11-29,,4538,2024-12-02,a290cf62-a903-11ef-aadf-c9ca81d212b8,42.1868,-73.5483
"01245,United States",1,8,4302,8,Qualprint,4538 - HASHVI 2412205,1,2024-11-27,OpVnPvMxgZur5plaqKtB,2024-11-29,,4538,2024-11-29,7e5dd79b-a903-11ef-aadf-c9ca81d212b8,42.1867,-73.2065
"10583,United States",1,8,4302,8,Qualprint,4538 - HASHVI 2412205,1,2024-11-27,OpVnPvMxgZur5plaqKtB,2024-11-29,,4538,2024-12-02,6b475e1a-a903-11ef-aadf-c9ca81d212b8,40.9927,-73.7995
"01546,United States",1,8,4302,2311,Qualprint,4538 - HASHVI 2412205,1,2024-11-27,OpVnPvMxgZur5plaqKtB,2024-11-27,CENTRAL,4538,2024-11-29,00768ca1-a903-11ef-8414-b1dc88d05ed4,42.3648,-71.8969
"12138,United States",1,8,4302,8,Qualprint,4538 - HASHVI 2412205,1,2024-11-27,OpVnPvMxgZur5plaqKtB,2024-11-27,,4538,2024-11-29,4b048c47-a903-11ef-aadf-c9ca81d212b8,42.7495,-73.3401
"10027,United States",1,7,4302,7,Qualprint,4538 - HASHVI 2412205,1,2024-11-27,OpVnPvMxgZur5plaqKtB,2024-11-27,,4538,2024-11-29,3754d57d-a902-11ef-af60-9db9032a0ac8,40.8116,-73.955
"12062,United States",1,7,4302,2311,Qualprint,4538 - HASHVI 2412205,1,2024-11-27,OpVnPvMxgZur5plaqKtB,2024-11-27,,4538,2024-11-29,174b7b72-a908-11ef-ab85-01800d5c149a,42.5352,-73.4984
"12534,United States",1,7,4302,7,Qualprint,4538 - HASHVI 2412205,1,2024-11-27,OpVnPvMxgZur5plaqKtB,2024-11-29,,4538,2024-11-29,c7d36250-a903-11ef-aa98-5d162523f7e3,42.247,-73.7552
"01255,United States",1,7,4302,2311,Qualprint,4538 - HASHVI 2412205,1,2024-11-27,OpVnPvMxgZur5plaqKtB,2024-11-29,,4538,2024-11-29,265363db-a903-11ef-9ad8-3d831072383e,42.1094,-73.1163
"01073,United States",1,7,4302,7,Qualprint,4538 - HASHVI 2412205,1,2024-11-27,OpVnPvMxgZur5plaqKtB,2024-11-29,,4538,2024-11-29,54309204-a903-11ef-937d-7f9df8d1bd99,42.2247,-72.7194
"01867,United States",1,7,4302,2311,Qualprint,4538 - HASHVI 2412205,1,2024-11-27,OpVnPvMxgZur5plaqKtB,2024-11-27,,4538,2024-11-29,72215d86-a903-11ef-aa98-5d162523f7e3,42.528,-71.109
"01070,United States",1,7,4302,7,Qualprint,4538 - HASHVI 2412205,1,2024-11-27,OpVnPvMxgZur5plaqKtB,2024-11-29,,4538,2024-11-29,762c4c8f-a905-11ef-b8d3-b3f555baf86b,42.5144,-72.9183
"05261,United States",1,7,4302,7,Qualprint,4538 - HASHVI 2412205,1,2024-11-27,OpVnPvMxgZur5plaqKtB,2024-11-29,,4538,2024-12-02,62000825-a903-11ef-97ba-e7c3c1d85211,42.788,-73.2162
"01301,United States",1,7,4302,7,Qualprint,4538 - HASHVI 2412205,1,2024-11-27,OpVnPvMxgZur5plaqKtB,2024-11-29,,4538,2024-12-02,99dd5f8f-a904-11ef-a570-9dcc894cbec2,42.6013,-72.6236
"12144,United States",1,7,4302,7,Qualprint,4538 - HASHVI 2412205,1,2024-11-27,OpVnPvMxgZur5plaqKtB,2024-11-27,,4538,2024-11-29,842a2d0a-a902-11ef-b588-77b3fbc4c29d,42.6359,-73.7219
"01062,United States",1,7,4302,980,Qualprint,4538 - HASHVI 2412205,1,2024-11-27,OpVnPvMxgZur5plaqKtB,2024-11-29,,4538,2024-11-29,e645fd71-a902-11ef-bf6d-e598677580ab,42.3219,-72.6928
"10708,United States",1,7,4302,7,Qualprint,4538 - HASHVI 2412205,1,2024-11-27,OpVnPvMxgZur5plaqKtB,2024-11-29,,4538,2024-11-30,1d75ba67-a905-11ef-b573-3dbb81e63688,40.9391,-73.8353
"06058,United States",1,7,4302,7,Qualprint,4538 - HASHVI 2412205,1,2024-11-27,OpVnPvMxgZur5plaqKtB,2024-11-29,,4538,2024-11-29,b624f9c1-a902-11ef-aa2f-afeb17addb22,41.9854,-73.1992
"01096,United States",1,7,4302,980,Qualprint,4538 - HASHVI 2412205,1,2024-11-27,OpVnPvMxgZur5plaqKtB,2024-11-29,,4538,2024-11-29,d7189313-a904-11ef-b8d3-b3f555baf86b,42.4085,-72.778
"01089,United States",1,7,4302,980,Qualprint,4538 - HASHVI 2412205,1,2024-11-27,OpVnPvMxgZur5plaqKtB,2024-11-29,,4538,2024-11-29,316c81a5-a905-11ef-9696-4de1e6330e26,42.1151,-72.6411
"02472,United States",1,6,4302,6,Qualprint,4538 - HASHVI 2412205,1,2024-11-27,OpVnPvMxgZur5plaqKtB,2024-11-27,,4538,2024-11-29,dbaac561-a904-11ef-b573-3dbb81e63688,42.37,-71.1773
"10014,United States",1,6,4302,6,Qualprint,4538 - HASHVI 2412205,1,2024-11-27,OpVnPvMxgZur5plaqKtB,2024-11-27,,4538,2024-11-29,b23f9763-a904-11ef-b573-3dbb81e63688,40.7339,-74.0054
"05201,United States",1,6,4302,6,Qualprint,4538 - HASHVI 2412205,1,2024-11-27,OpVnPvMxgZur5plaqKtB,2024-11-29,,4538,2024-12-02,3b12b5f6-a904-11ef-88a3-b332ca0a7804,42.8827,-73.1923
"10021,United States",1,6,4302,6,Qualprint,4538 - HASHVI 2412205,1,2024-11-27,OpVnPvMxgZur5plaqKtB,2024-11-27,,4538,2024-11-29,1bc3d689-a903-11ef-8316-2956f7236738,40.7685,-73.9588
"10128,United States",1,6,4302,6,Qualprint,4538 - HASHVI 2412205,1,2024-11-27,OpVnPvMxgZur5plaqKtB,2024-11-27,,4538,2024-11-29,b3b11e31-a903-11ef-af60-9db9032a0ac8,40.7816,-73.9511
"01028,United States",1,6,4302,980,Qualprint,4538 - HASHVI 2412205,1,2024-11-27,OpVnPvMxgZur5plaqKtB,2024-11-29,,4538,2024-11-29,48b66116-a904-11ef-a570-9dcc894cbec2,42.0672,-72.5056
"06488,United States",1,6,4302,6,Qualprint,4538 - HASHVI 2412205,1,2024-11-27,OpVnPvMxgZur5plaqKtB,2024-11-29,,4538,2024-11-29,81a6e824-a903-11ef-aadf-c9ca81d212b8,41.4767,-73.2241
"12203,United States",1,6,4302,980,Qualprint,4538 - HASHVI 2412205,1,2024-11-27,OpVnPvMxgZur5plaqKtB,2024-11-27,,4538,2024-11-29,08f71de1-a908-11ef-ab85-01800d5c149a,42.7003,-73.8575
"02143,United States",1,6,4302,6,Qualprint,4538 - HASHVI 2412205,1,2024-11-27,OpVnPvMxgZur5plaqKtB,2024-11-27,,4538,2024-11-29,a6567f53-a902-11ef-8414-b1dc88d05ed4,42.3829,-71.1028
"12521,United States",1,6,4302,6,Qualprint,4538 - HASHVI 2412205,1,2024-11-27,OpVnPvMxgZur5plaqKtB,2024-11-29,,4538,2024-11-29,9acc7dab-a908-11ef-ab85-01800d5c149a,42.176,-73.6571
"01236,United States",1,6,4302,6,Qualprint,4538 - HASHVI 2412205,1,2024-11-27,OpVnPvMxgZur5plaqKtB,2024-11-29,,4538,2024-11-29,97eb3e65-a902-11ef-bec1-9579cdb7a1fb,42.2653,-73.3745
"06902,United States",1,5,4302,5,Qualprint,4538 - HASHVI 2412205,1,2024-11-27,OpVnPvMxgZur5plaqKtB,2024-11-29,,4538,2024-12-02,f9068ec1-a902-11ef-97ba-e7c3c1d85211,41.0602,-73.5445
"03833,United States",1,5,4302,5,Qualprint,4538 - HASHVI 2412205,1,2024-11-27,OpVnPvMxgZur5plaqKtB,2024-11-29,,4538,2024-12-02,510e86f1-a902-11ef-9b93-e1092a6c0f16,42.9815,-70.9478
"06039,United States",1,5,4302,5,Qualprint,4538 - HASHVI 2412205,1,2024-11-27,OpVnPvMxgZur5plaqKtB,2024-11-29,,4538,2024-11-29,2c377511-a904-11ef-9b93-e1092a6c0f16,41.9516,-73.4377
"12831,United States",1,5,4302,5,Qualprint,4538 - HASHVI 2412205,1,2024-11-27,OpVnPvMxgZur5plaqKtB,2024-11-27,,4538,2024-11-29,334fb604-a904-11ef-8316-2956f7236738,43.1803,-73.7053
"01035,United States",1,5,4302,980,Qualprint,4538 - HASHVI 2412205,1,2024-11-27,OpVnPvMxgZur5plaqKtB,2024-11-29,,4538,2024-11-29,728d4942-a904-11ef-b6ee-99fe490b983b,42.3606,-72.5715
"01259,United States",1,5,4302,771,Qualprint,4538 - HASHVI 2412205,1,2024-11-27,OpVnPvMxgZur5plaqKtB,2024-11-29,,4538,2024-11-29,66f7f6ae-a902-11ef-bec1-9579cdb7a1fb,42.078,-73.2609
"02478,United States",1,5,4302,980,Qualprint,4538 - HASHVI 2412205,1,2024-11-27,OpVnPvMxgZur5plaqKtB,2024-11-27,,4538,2024-11-29,f48da642-a901-11ef-8414-b1dc88d05ed4,42.3959,-71.1787
"07302,United States",1,5,4302,980,Qualprint,4538 - HASHVI 2412205,1,2024-11-27,OpVnPvMxgZur5plaqKtB,2024-11-29,,4538,2024-12-02,0cf4fc43-a904-11ef-8414-b1dc88d05ed4,40.7221,-74.0469
"01701,United States",1,5,4302,980,Qualprint,4538 - HASHVI 2412205,1,2024-11-27,OpVnPvMxgZur5plaqKtB,2024-11-29,,4538,2024-12-02,b4ac8a91-a902-11ef-aa2f-afeb17addb22,42.3007,-71.4255
"03103,United States",1,5,4302,980,Qualprint,4538 - HASHVI 2412205,1,2024-11-27,OpVnPvMxgZur5plaqKtB,2024-11-29,MANCHESTER,4538,2024-12-02,cf2a19a4-a908-11ef-98d9-c10003640bf5,42.9656,-71.4493
"02474,United States",1,5,4302,980,Qualprint,4538 - HASHVI 2412205,1,2024-11-27,OpVnPvMxgZur5plaqKtB,2024-11-27,,4538,2024-11-29,495e24b1-a902-11ef-a816-e9a333d5a54f,42.4202,-71.1565
"02446,United States",1,5,4302,771,Qualprint,4538 - HASHVI 2412205,1,2024-11-27,OpVnPvMxgZur5plaqKtB,2024-11-27,,4538,2024-11-29,34f03c11-a903-11ef-8316-2956f7236738,42.3431,-71.123
"06489,United States",1,5,4302,771,Qualprint,4538 - HASHVI 2412205,1,2024-11-27,OpVnPvMxgZur5plaqKtB,2024-11-29,,4538,2024-12-29,4167ea61-a903-11ef-bec1-9579cdb7a1fb,41.6052,-72.8727
"01242,United States",1,5,4302,980,Qualprint,4538 - HASHVI 2412205,1,2024-11-27,OpVnPvMxgZur5plaqKtB,2024-12-29,,4538,2024-11-29,1b9c2a31-a903-11ef-b972-275f3d92c4ca,42.3386,-73.2509
"34260,United States",1,5,4302,771,Qualprint,4538 - HASHVI 2412205,1,2024-11-27,OpVnPvMxgZur5plaqKtB,2024-11-29,MANASOTA,4538,2024-12-03,3cde8731-a902-11ef-baa6-dd3a3af2e730,27.4272,-82.4387
"01007,United States",1,5,4302,771,Qualprint,4538 - HASHVI 2412205,1,2024-11-27,OpVnPvMxgZur5plaqKtB,2024-11-29,,4538,2024-11-29,e9d04031-a903-11ef-b6ee-99fe490b983b,42.2751,-72.411
"01752,United States",1,5,4302,771,Qualprint,4538 - HASHVI 2412205,1,2024-11-27,OpVnPvMxgZur5plaqKtB,2024-11-29,,4538,2024-12-02,dfbb5685-a902-11ef-b972-275f3d92c4ca,42.3509,-71.5434
"12516,United States",1,5,4302,5,Qualprint,4538 - HASHVI 2412205,1,2024-11-27,OpVnPvMxgZur5plaqKtB,2024-11-29,,4538,2024-12-02,e7792646-a902-11ef-901b-93ef5c56d78a,42.1113,-73.5526
"10022,United States",1,5,4302,5,Qualprint,4538 - HASHVI 2412205,1,2024-11-27,OpVnPvMxgZur5plaqKtB,2024-11-27,,4538,2024-11-29,e70f40e9-a902-11ef-b972-275f3d92c4ca,40.7571,-73.9657
"12015,United States",1,5,4302,771,Qualprint,4538 - HASHVI 2412205,1,2024-11-27,OpVnPvMxgZur5plaqKtB,2024-11-27,,4538,2024-11-29,4867a4e3-a904-11ef-9b93-e1092a6c0f16,42.2736,-73.8152
"02155,United States",1,5,4302,771,Qualprint,4538 - HASHVI 2412205,1,2024-11-27,OpVnPvMxgZur5plaqKtB,2024-11-27,,4538,2024-11-29,d1c66c39-a904-11ef-9696-4de1e6330e26,42.4173,-71.1087
"02138,United States",1,5,4302,771,Qualprint,4538 - HASHVI 2412205,1,2024-11-27,OpVnPvMxgZur5plaqKtB,2024-11-27,,4538,2024-11-29,472d9e35-a904-11ef-a727-9bf7a5686735,42.377,-71.1256
"12196,United States",1,5,4302,5,Qualprint,4538 - HASHVI 2412205,1,2024-11-27,OpVnPvMxgZur5plaqKtB,2024-11-27,,4538,2024-11-29,c44d2f85-a908-11ef-9562-c1c871c2ed10,42.638,-73.6109
"02139,United States",1,5,4302,5,Qualprint,4538 - HASHVI 2412205,1,2024-11-27,OpVnPvMxgZur5plaqKtB,2024-11-27,,4538,2024-11-29,183ae153-a904-11ef-baa6-dd3a3af2e730,42.3647,-71.1042
"01040,United States",1,5,4302,5,Qualprint,4538 - HASHVI 2412205,1,2024-11-27,OpVnPvMxgZur5plaqKtB,2024-11-29,,4538,2024-11-29,35788971-a904-11ef-8316-2956f7236738,42.202,-72.6262
"12308,United States",1,4,4302,678,Qualprint,4538 - HASHVI 2412205,1,2024-11-27,OpVnPvMxgZur5plaqKtB,2024-11-27,,4538,2024-11-29,c34c21fb-a902-11ef-8dd9-012f1b080b7c,42.8179,-73.9206
"12019,United States",1,4,4302,4,Qualprint,4538 - HASHVI 2412205,1,2024-11-27,OpVnPvMxgZur5plaqKtB,2024-11-27,,4538,2024-11-29,c8c7865b-a903-11ef-8d1b-298d37f423b8,42.9192,-73.8552
"12189,United States",1,4,4302,678,Qualprint,4538 - HASHVI 2412205,1,2024-11-27,OpVnPvMxgZur5plaqKtB,2024-11-27,,4538,2024-11-29,47b7c7c1-a902-11ef-8414-b1dc88d05ed4,42.7298,-73.7123
"10009,United States",1,4,4302,678,Qualprint,4538 - HASHVI 2412205,1,2024-11-27,OpVnPvMxgZur5plaqKtB,2024-11-27,,4538,2024-11-29,9233c5f1-a902-11ef-9458-c7798e192c31,40.7262,-73.9796
"06040,United States",1,4,4302,678,Qualprint,4538 - HASHVI 2412205,1,2024-11-27,OpVnPvMxgZur5plaqKtB,2024-11-29,,4538,2024-11-29,3c27cf6a-a904-11ef-a570-9dcc894cbec2,41.7777,-72.5244
"01072,United States",1,4,4302,4,Qualprint,4538 - HASHVI 2412205,1,2024-11-27,OpVnPvMxgZur5plaqKtB,2024-11-29,,4538,2024-11-29,d990b489-a903-11ef-aadf-c9ca81d212b8,42.482,-72.4213
"02445,United States",1,4,4302,4,Qualprint,4538 - HASHVI 2412205,1,2024-11-27,OpVnPvMxgZur5plaqKtB,2024-11-27,,4538,2024-11-29,37a26e6f-a904-11ef-88a3-b332ca0a7804,42.3259,-71.1341
"13323,United States",1,4,4302,678,Qualprint,4538 - HASHVI 2412205,1,2024-11-27,OpVnPvMxgZur5plaqKtB,2024-11-29,,4538,2024-12-02,9f406bdd-a903-11ef-aa98-5d162523f7e3,43.0586,-75.3808
"06517,United States",1,4,4302,4,Qualprint,4538 - HASHVI 2412205,1,2024-11-27,OpVnPvMxgZur5plaqKtB,2024-11-29,,4538,2024-11-29,24848883-a909-11ef-ab85-01800d5c149a,41.3484,-72.9117
"02130,United States",1,4,4302,4,Qualprint,4538 - HASHVI 2412205,1,2024-11-27,OpVnPvMxgZur5plaqKtB,2024-11-27,,4538,2024-11-29,1c3a4993-a904-11ef-aadf-c9ca81d212b8,42.3126,-71.1115
"06074,United States",1,4,4302,678,Qualprint,4538 - HASHVI 2412205,1,2024-11-27,OpVnPvMxgZur5plaqKtB,2024-11-29,,4538,2024-11-29,ccd163fa-a905-11ef-8358-256b6d840bfb,41.8341,-72.5576
"10538,United States",1,4,4302,4,Qualprint,4538 - HASHVI 2412205,1,2024-11-27,OpVnPvMxgZur5plaqKtB,2024-11-29,,4538,2024-12-02,fa0c17f5-a902-11ef-897a-4f7ac04b3f94,40.9351,-73.7571
"06484,United States",1,4,4302,4,Qualprint,4538 - HASHVI 2412205,1,2024-11-27,OpVnPvMxgZur5plaqKtB,2024-11-29,,4538,2024-11-29,a918f699-a909-11ef-9913-150daa3824ab,41.3047,-73.1294
"06069,United States",1,4,4302,540,Qualprint,4538 - HASHVI 2412205,1,2024-11-27,OpVnPvMxgZur5plaqKtB,2024-11-29,,4538,2024-11-29,bdc0fec1-a904-11ef-aa2f-afeb17addb22,41.8714,-73.4578
"01545,United States",1,4,4302,4,Qualprint,4538 - HASHVI 2412205,1,2024-11-27,OpVnPvMxgZur5plaqKtB,2024-11-29,,4538,2024-12-02,53f4de0a-a902-11ef-bfa6-c5aed389b69d,42.2848,-71.7205
"10598,United States",1,4,4302,540,Qualprint,4538 - HASHVI 2412205,1,2024-11-27,OpVnPvMxgZur5plaqKtB,2024-11-29,,4538,2024-12-02,2aed5e6e-a903-11ef-9ad8-3d831072383e,41.2999,-73.7924
"01243,United States",1,4,4302,540,Qualprint,4538 - HASHVI 2412205,1,2024-11-27,OpVnPvMxgZur5plaqKtB,2024-11-29,,4538,2024-11-29,915cedf8-a902-11ef-ac12-fff481f5d281,42.3561,-73.0104
"06070,United States",1,4,4302,540,Qualprint,4538 - HASHVI 2412205,1,2024-11-27,OpVnPvMxgZur5plaqKtB,2024-11-29,,4538,2024-11-29,9467c795-a903-11ef-b6ee-99fe490b983b,41.8759,-72.8012
"01721,United States",1,4,4302,4,Qualprint,4538 - HASHVI 2412205,1,2024-11-27,OpVnPvMxgZur5plaqKtB,2024-11-29,,4538,2024-12-02,f65ec760-a902-11ef-bec1-9579cdb7a1fb,42.2539,-71.4583
"12303,United States",1,4,4302,1200,Qualprint,4538 - HASHVI 2412205,1,2024-11-27,OpVnPvMxgZur5plaqKtB,2024-11-27,,4538,2024-11-29,99254f91-a903-11ef-85d7-937e2415baf8,42.7823,-73.9448
"01258,United States",1,4,4302,4,Qualprint,4538 - HASHVI 2412205,1,2024-11-27,OpVnPvMxgZur5plaqKtB,2024-11-29,,4538,2024-11-29,de6f2775-a902-11ef-85d7-937e2415baf8,42.1012,-73.4566
"01370,United States",1,4,4302,1200,Qualprint,4538 - HASHVI 2412205,1,2024-11-27,OpVnPvMxgZur5plaqKtB,2024-11-29,,4538,2024-12-02,149f6085-a903-11ef-9b93-e1092a6c0f16,42.6022,-72.7391
"12020,United States",1,4,4302,1200,Qualprint,4538 - HASHVI 2412205,1,2024-11-27,OpVnPvMxgZur5plaqKtB,2024-11-27,,4538,2024-11-29,99596273-a904-11ef-a570-9dcc894cbec2,43.005,-73.8486
"12209,United States",1,4,4302,1200,Qualprint,4538 - HASHVI 2412205,1,2024-11-27,OpVnPvMxgZur5plaqKtB,2024-11-27,,4538,2024-11-29,a7ee5d60-a902-11ef-9b93-e1092a6c0f16,42.6417,-73.7854
"02140,United States",1,4,4302,4,Qualprint,4538 - HASHVI 2412205,1,2024-11-27,OpVnPvMxgZur5plaqKtB,2024-11-27,,4538,2024-11-29,3483e5ba-a903-11ef-9ad8-3d831072383e,42.3932,-71.1338
"05250,United States",1,4,4302,4,Qualprint,4538 - HASHVI 2412205,1,2024-11-27,OpVnPvMxgZur5plaqKtB,2024-11-29,,4538,2024-12-02,cf1d571f-a902-11ef-b487-5988d5a3dcfe,43.0857,-73.1594
"19176,United States",1,4,4302,1200,Qualprint,4538 - HASHVI 2412205,1,2024-11-27,OpVnPvMxgZur5plaqKtB,2024-11-29,PHILADELPHIA,4538,2024-12-02,92fdf3c4-a902-11ef-af60-9db9032a0ac8,39.9522,-75.1642
"12302,United States",1,4,4302,4,Qualprint,4538 - HASHVI 2412205,1,2024-11-27,OpVnPvMxgZur5plaqKtB,2024-11-27,,4538,2024-11-29,9b247af4-a903-11ef-aa98-5d162523f7e3,42.88,-73.9913
"02906,United States",1,4,4302,1200,Qualprint,4538 - HASHVI 2412205,1,2024-11-27,OpVnPvMxgZur5plaqKtB,2024-11-29,,4538,2024-12-02,c995c84a-a902-11ef-91e3-f775831144c7,41.8351,-71.3971
"02852,United States",1,4,4302,4,Qualprint,4538 - HASHVI 2412205,1,2024-11-27,OpVnPvMxgZur5plaqKtB,2024-11-29,,4538,2024-12-02,d3fb3101-a905-11ef-9696-4de1e6330e26,41.5894,-71.4625
"02116,United States",1,4,4302,4,Qualprint,4538 - HASHVI 2412205,1,2024-11-27,OpVnPvMxgZur5plaqKtB,2024-11-27,,4538,2024-11-29,47574641-a904-11ef-85d7-937e2415baf8,42.3492,-71.0768
"12545,United States",1,4,4302,1200,Qualprint,4538 - HASHVI 2412205,1,2024-11-27,OpVnPvMxgZur5plaqKtB,2024-11-29,,4538,2024-11-29,3045834b-a904-11ef-b972-275f3d92c4ca,41.7803,-73.6885
"33152,United States",1,4,4302,4,Qualprint,4538 - HASHVI 2412205,1,2024-11-27,OpVnPvMxgZur5plaqKtB,2024-11-27,MIAMI,4538,2024-12-03,f5c9b342-a902-11ef-bec1-9579cdb7a1fb,25.7955,-80.3129
"12077,United States",1,4,4302,4,Qualprint,4538 - HASHVI 2412205,1,2024-11-27,OpVnPvMxgZur5plaqKtB,2024-11-27,,4538,2024-11-29,d53ad270-a904-11ef-b573-3dbb81e63688,42.5971,-73.7959
"02176,United States",1,4,4302,1200,Qualprint,4538 - HASHVI 2412205,1,2024-11-27,OpVnPvMxgZur5plaqKtB,2024-11-27,,4538,2024-11-29,7b298798-a903-11ef-aadf-c9ca81d212b8,42.4581,-71.0632
"01581,United States",1,3,4302,3,Qualprint,4538 - HASHVI 2412205,1,2024-11-27,OpVnPvMxgZur5plaqKtB,2024-11-29,,4538,2024-12-02,0b945e02-a908-11ef-ab85-01800d5c149a,42.2679,-71.6176
"12009,United States",1,3,4302,3,Qualprint,4538 - HASHVI 2412205,1,2024-11-27,OpVnPvMxgZur5plaqKtB,2024-11-27,,4538,2024-11-29,2d824f2b-a905-11ef-9696-4de1e6330e26,42.7063,-74.0193
"06790,United States",1,3,4302,3,Qualprint,4538 - HASHVI 2412205,1,2024-11-27,OpVnPvMxgZur5plaqKtB,2024-11-29,,4538,2024-11-29,c53733a1-a903-11ef-901b-93ef5c56d78a,41.8131,-73.1156
"01011,United States",1,3,4302,3,Qualprint,4538 - HASHVI 2412205,1,2024-11-27,OpVnPvMxgZur5plaqKtB,2024-11-29,,4538,2024-11-29,45ce2ab4-a903-11ef-937d-7f9df8d1bd99,42.2794,-72.9888
"02026,United States",1,3,4302,3,Qualprint,4538 - HASHVI 2412205,1,2024-11-27,OpVnPvMxgZur5plaqKtB,2024-11-29,,4538,2024-12-02,5410dfa5-a904-11ef-a570-9dcc894cbec2,42.2437,-71.1637
"01030,United States",1,3,4302,3,Qualprint,4538 - HASHVI 2412205,1,2024-11-27,OpVnPvMxgZur5plaqKtB,2024-11-29,,4538,2024-11-29,d1c47051-a904-11ef-b573-3dbb81e63688,42.0718,-72.6751
"01020,United States",1,3,4302,3,Qualprint,4538 - HASHVI 2412205,1,2024-11-27,OpVnPvMxgZur5plaqKtB,2024-11-29,,4538,2024-11-29,fa268848-a903-11ef-b6ee-99fe490b983b,42.1764,-72.5761
"02090,United States",1,3,4302,3,Qualprint,4538 - HASHVI 2412205,1,2024-11-27,OpVnPvMxgZur5plaqKtB,2024-11-29,,4538,2024-12-02,0bbc0713-a904-11ef-bfa6-c5aed389b69d,42.2148,-71.2104
"02459,United States",1,3,4302,3,Qualprint,4538 - HASHVI 2412205,1,2024-11-27,OpVnPvMxgZur5plaqKtB,2024-11-27,,4538,2024-11-29,f9a3a735-a904-11ef-9696-4de1e6330e26,42.3341,-71.1833
"01507,United States",1,3,4302,3,Qualprint,4538 - HASHVI 2412205,1,2024-11-27,OpVnPvMxgZur5plaqKtB,2024-11-29,,4538,2024-12-02,17287c8a-a903-11ef-8316-2956f7236738,42.1379,-71.9664
"12159,United States",1,3,4302,3,Qualprint,4538 - HASHVI 2412205,1,2024-11-27,OpVnPvMxgZur5plaqKtB,2024-11-27,,4538,2024-11-29,aba538fd-a904-11ef-b573-3dbb81e63688,42.6485,-73.8711
"06057,United States",1,3,4302,3,Qualprint,4538 - HASHVI 2412205,1,2024-11-27,OpVnPvMxgZur5plaqKtB,2024-11-29,,4538,2024-11-29,ee933bfc-a902-11ef-937d-7f9df8d1bd99,41.8468,-73.0104
"07030,United States",1,3,4302,3,Qualprint,4538 - HASHVI 2412205,1,2024-11-27,OpVnPvMxgZur5plaqKtB,2024-11-29,,4538,2024-12-02,df4cb631-a902-11ef-901b-93ef5c56d78a,40.7445,-74.0329
"11021,United States",1,3,4302,3,Qualprint,4538 - HASHVI 2412205,1,2024-11-27,OpVnPvMxgZur5plaqKtB,2024-11-29,,4538,2024-12-02,fff9bb82-a902-11ef-8414-b1dc88d05ed4,40.7867,-73.727
"10803,United States",1,3,4302,3,Qualprint,4538 - HASHVI 2412205,1,2024-11-27,OpVnPvMxgZur5plaqKtB,2024-11-29,,4538,2024-11-30,442949cb-a902-11ef-8414-b1dc88d05ed4,40.9045,-73.8073
"02186,United States",1,3,4302,3,Qualprint,4538 - HASHVI 2412205,1,2024-11-27,OpVnPvMxgZur5plaqKtB,2024-11-27,,4538,2024-11-29,d283ac32-a905-11ef-9696-4de1e6330e26,42.2537,-71.0771
"12140,United States",1,3,4302,3,Qualprint,4538 - HASHVI 2412205,1,2024-11-27,OpVnPvMxgZur5plaqKtB,2024-11-27,,4538,2024-11-29,0083ef91-a902-11ef-bec1-9579cdb7a1fb,42.6918,-73.5627
"02476,United States",1,3,4302,3,Qualprint,4538 - HASHVI 2412205,1,2024-11-27,OpVnPvMxgZur5plaqKtB,2024-11-27,,4538,2024-11-29,0bf76265-a904-11ef-aa2f-afeb17addb22,42.4162,-71.1752
"01880,United States",1,3,4302,3,Qualprint,4538 - HASHVI 2412205,1,2024-11-27,OpVnPvMxgZur5plaqKtB,2024-11-27,,4538,2024-11-29,e1357366-a902-11ef-9b93-e1092a6c0f16,42.5009,-71.0685
"12027,United States",1,3,4302,3,Qualprint,4538 - HASHVI 2412205,1,2024-11-27,OpVnPvMxgZur5plaqKtB,2024-11-27,,4538,2024-11-29,20f93121-a904-11ef-88a3-b332ca0a7804,42.9329,-73.896
"01778,United States",1,3,4302,3,Qualprint,4538 - HASHVI 2412205,1,2024-11-27,OpVnPvMxgZur5plaqKtB,2024-11-29,,4538,2024-12-02,a38197ff-a903-11ef-bec1-9579cdb7a1fb,42.3486,-71.3588
"11222,United States",1,3,4302,3,Qualprint,4538 - HASHVI 2412205,1,2024-11-27,OpVnPvMxgZur5plaqKtB,2024-11-29,,4538,2024-11-29,e401b2d5-a902-11ef-9b93-e1092a6c0f16,40.7272,-73.9498
"06078,United States",1,3,4302,3,Qualprint,4538 - HASHVI 2412205,1,2024-11-27,OpVnPvMxgZur5plaqKtB,2024-11-29,,4538,2024-11-29,2bc38837-a905-11ef-9696-4de1e6330e26,41.99,-72.642
"06093,United States",1,3,4302,3,Qualprint,4538 - HASHVI 2412205,1,2024-11-27,OpVnPvMxgZur5plaqKtB,2024-11-29,,4538,2024-11-29,711d296a-a902-11ef-af60-9db9032a0ac8,42.0115,-72.7362
"01053,United States",1,3,4302,3,Qualprint,4538 - HASHVI 2412205,1,2024-11-27,OpVnPvMxgZur5plaqKtB,2024-11-29,,4538,2024-11-29,0ca9def9-a903-11ef-937d-7f9df8d1bd99,42.3543,-72.7034
"12165,United States",1,3,4302,3,Qualprint,4538 - HASHVI 2412205,1,2024-11-27,OpVnPvMxgZur5plaqKtB,2024-11-27,,4538,2024-11-29,b0b93056-a902-11ef-aa2f-afeb17addb22,42.3091,-73.5008
"01907,United States",1,3,4302,3,Qualprint,4538 - HASHVI 2412205,1,2024-11-27,OpVnPvMxgZur5plaqKtB,2024-11-27,,4538,2024-11-29,4dd89e63-a904-11ef-a816-e9a333d5a54f,42.4746,-70.9098
"01050,United States",1,3,4302,3,Qualprint,4538 - HASHVI 2412205,1,2024-11-27,OpVnPvMxgZur5plaqKtB,2024-11-29,,4538,2024-11-29,1a276f16-a904-11ef-aa98-5d162523f7e3,42.2653,-72.8733
"01915,United States",1,3,4302,3,Qualprint,4538 - HASHVI 2412205,1,2024-11-27,OpVnPvMxgZur5plaqKtB,2024-11-27,,4538,2024-11-29,f9df1477-a902-11ef-aadf-c9ca81d212b8,42.5608,-70.8759
"01773,United States",1,3,4302,3,Qualprint,4538 - HASHVI 2412205,1,2024-11-27,OpVnPvMxgZur5plaqKtB,2024-11-29,,4538,2024-12-02,92af4216-a903-11ef-aa98-5d162523f7e3,42.4217,-71.3137
"01330,United States",1,3,4302,3,Qualprint,4538 - HASHVI 2412205,1,2024-11-27,OpVnPvMxgZur5plaqKtB,2024-11-29,,4538,2024-12-02,d8999fc1-a902-11ef-b487-5988d5a3dcfe,42.5232,-72.811
"01339,United States",1,3,4302,3,Qualprint,4538 - HASHVI 2412205,1,2024-11-27,OpVnPvMxgZur5plaqKtB,2024-11-29,,4538,2024-12-02,102438af-a903-11ef-937d-7f9df8d1bd99,42.608,-72.8901
"01742,United States",1,3,4302,3,Qualprint,4538 - HASHVI 2412205,1,2024-11-27,OpVnPvMxgZur5plaqKtB,2024-11-29,,4538,2024-12-02,503775f1-a904-11ef-a570-9dcc894cbec2,42.4567,-71.3747
"01095,United States",1,3,4302,3,Qualprint,4538 - HASHVI 2412205,1,2024-11-27,OpVnPvMxgZur5plaqKtB,2024-11-29,,4538,2024-11-29,1d1196ba-a904-11ef-88a3-b332ca0a7804,42.1245,-72.4464
"10012,United States",1,3,4302,3,Qualprint,4538 - HASHVI 2412205,1,2024-11-27,OpVnPvMxgZur5plaqKtB,2024-11-27,,4538,2024-11-29,471b3239-a905-11ef-b8d3-b3f555baf86b,40.7255,-73.9983
"10007,United States",1,3,4302,3,Qualprint,4538 - HASHVI 2412205,1,2024-11-27,OpVnPvMxgZur5plaqKtB,2024-11-27,,4538,2024-11-29,2d8aa910-a904-11ef-a570-9dcc894cbec2,40.7139,-74.007
"06095,United States",1,3,4302,3,Qualprint,4538 - HASHVI 2412205,1,2024-11-27,OpVnPvMxgZur5plaqKtB,2024-11-29,,4538,2024-11-29,1eb15972-a903-11ef-937d-7f9df8d1bd99,41.8561,-72.6639
"01098,United States",1,3,4302,3,Qualprint,4538 - HASHVI 2412205,1,2024-11-27,OpVnPvMxgZur5plaqKtB,2024-11-29,,4538,2024-11-29,17697d10-a903-11ef-8316-2956f7236738,42.3843,-72.9314
"12148,United States",1,3,4302,3,Qualprint,4538 - HASHVI 2412205,1,2024-11-27,OpVnPvMxgZur5plaqKtB,2024-11-27,,4538,2024-11-29,ab426a68-a902-11ef-bf6d-e598677580ab,42.8524,-73.8701
"01770,United States",1,3,4302,3,Qualprint,4538 - HASHVI 2412205,1,2024-11-27,OpVnPvMxgZur5plaqKtB,2024-11-29,,4538,2024-12-02,835c6047-a903-11ef-aadf-c9ca81d212b8,42.2331,-71.3787
"01604,United States",1,3,4302,3,Qualprint,4538 - HASHVI 2412205,1,2024-11-27,OpVnPvMxgZur5plaqKtB,2024-11-29,,4538,2024-12-02,3b62ee31-a903-11ef-b487-5988d5a3dcfe,42.2541,-71.7746
"10010,United States",1,3,4302,3,Qualprint,4538 - HASHVI 2412205,1,2024-11-27,OpVnPvMxgZur5plaqKtB,2024-11-27,,4538,2024-11-29,bb5703a3-a904-11ef-b573-3dbb81e63688,40.7375,-73.9813
"10036,United States",1,3,4302,3,Qualprint,4538 - HASHVI 2412205,1,2024-11-27,OpVnPvMxgZur5plaqKtB,2024-11-27,,4538,2024-11-29,9acf60a7-a904-11ef-b573-3dbb81e63688,40.7597,-73.9918
"01038,United States",1,3,4302,3,Qualprint,4538 - HASHVI 2412205,1,2024-11-27,OpVnPvMxgZur5plaqKtB,2024-11-29,,4538,2024-11-29,5886b041-a904-11ef-bec1-9579cdb7a1fb,42.3844,-72.6167
"12182,United States",1,3,4302,3,Qualprint,4538 - HASHVI 2412205,1,2024-11-27,OpVnPvMxgZur5plaqKtB,2024-11-27,,4538,2024-11-29,15839b78-a902-11ef-b487-5988d5a3dcfe,42.7829,-73.6648
"02144,United States",1,3,4302,3,Qualprint,4538 - HASHVI 2412205,1,2024-11-27,OpVnPvMxgZur5plaqKtB,2024-11-27,,4538,2024-11-29,5811f577-a904-11ef-a570-9dcc894cbec2,42.4003,-71.1221
"11050,United States",1,3,4302,3,Qualprint,4538 - HASHVI 2412205,1,2024-11-27,OpVnPvMxgZur5plaqKtB,2024-11-29,,4538,2024-12-02,075340a1-a902-11ef-a816-e9a333d5a54f,40.835,-73.6964
"02840,United States",1,3,4302,3,Qualprint,4538 - HASHVI 2412205,1,2024-11-27,OpVnPvMxgZur5plaqKtB,2024-11-29,,4538,2024-12-02,db0e222c-a902-11ef-9b93-e1092a6c0f16,41.4876,-71.3271
"02038,United States",1,3,4302,3,Qualprint,4538 - HASHVI 2412205,1,2024-11-27,OpVnPvMxgZur5plaqKtB,2024-11-29,,4538,2024-12-02,8cd8ec71-a902-11ef-b9a6-cb521dbaab41,42.0935,-71.4058
"07003,United States",1,3,4302,3,Qualprint,4538 - HASHVI 2412205,1,2024-11-27,OpVnPvMxgZur5plaqKtB,2024-11-29,,4538,2024-12-02,c5851011-a904-11ef-9696-4de1e6330e26,40.8035,-74.1891
"01748,United States",1,3,4302,3,Qualprint,4538 - HASHVI 2412205,1,2024-11-27,OpVnPvMxgZur5plaqKtB,2024-11-29,,4538,2024-12-02,bcbc6004-a904-11ef-b573-3dbb81e63688,42.219,-71.5302
"01564,United States",1,3,4302,3,Qualprint,4538 - HASHVI 2412205,1,2024-11-27,OpVnPvMxgZur5plaqKtB,2024-11-29,,4538,2024-12-02,9f644798-a903-11ef-aa98-5d162523f7e3,42.4354,-71.7752
"02493,United States",1,3,4302,3,Qualprint,4538 - HASHVI 2412205,1,2024-11-27,OpVnPvMxgZur5plaqKtB,2024-11-27,,4538,2024-11-29,a06176c3-a904-11ef-b573-3dbb81e63688,42.3589,-71.3001
"01057,United States",1,3,4302,3,Qualprint,4538 - HASHVI 2412205,1,2024-11-27,OpVnPvMxgZur5plaqKtB,2024-11-29,,4538,2024-11-29,0bbf09d2-a903-11ef-9ad8-3d831072383e,42.101,-72.3196
"12526,United States",1,3,4302,3,Qualprint,4538 - HASHVI 2412205,1,2024-11-27,OpVnPvMxgZur5plaqKtB,2024-11-29,,4538,2024-11-29,0da15e5f-a903-11ef-937d-7f9df8d1bd99,42.1219,-73.8625
"12816,United States",1,3,4302,3,Qualprint,4538 - HASHVI 2412205,1,2024-11-27,OpVnPvMxgZur5plaqKtB,2024-11-27,,4538,2024-11-29,8bf2d232-a902-11ef-bfa6-c5aed389b69d,43.0466,-73.3814
"11231,United States",1,3,4302,3,Qualprint,4538 - HASHVI 2412205,1,2024-11-27,OpVnPvMxgZur5plaqKtB,2024-11-29,,4538,2024-11-29,17abdd35-a903-11ef-8414-b1dc88d05ed4,40.6794,-74.0014
"06877,United States",1,3,4302,3,Qualprint,4538 - HASHVI 2412205,1,2024-11-27,OpVnPvMxgZur5plaqKtB,2024-11-29,,4538,2024-12-02,24803f98-a905-11ef-9696-4de1e6330e26,41.2977,-73.4973
"02030,United States",1,3,4302,3,Qualprint,4538 - HASHVI 2412205,1,2024-11-27,OpVnPvMxgZur5plaqKtB,2024-11-29,,4538,2024-12-02,1476f11b-a903-11ef-937d-7f9df8d1bd99,42.2362,-71.2854
"02458,United States",1,3,4302,3,Qualprint,4538 - HASHVI 2412205,1,2024-11-27,OpVnPvMxgZur5plaqKtB,2024-11-27,,4538,2024-11-29,6e8e72c1-a903-11ef-aadf-c9ca81d212b8,42.3528,-71.1875
"05262,United States",1,3,4302,3,Qualprint,4538 - HASHVI 2412205,1,2024-11-27,OpVnPvMxgZur5plaqKtB,2024-11-29,,4538,2024-12-02,5a776ea1-a902-11ef-9458-c7798e192c31,42.9614,-73.2166
"01373,United States",1,3,4302,3,Qualprint,4538 - HASHVI 2412205,1,2024-11-27,OpVnPvMxgZur5plaqKtB,2024-11-29,,4538,2024-12-02,25597e08-a904-11ef-901b-93ef5c56d78a,42.4756,-72.6153
"12401,United States",1,3,4302,3,Qualprint,4538 - HASHVI 2412205,1,2024-11-27,OpVnPvMxgZur5plaqKtB,2024-11-29,,4538,2024-12-02,ac51de9d-a902-11ef-aa2f-afeb17addb22,41.9697,-74.0668
"07040,United States",1,3,4302,3,Qualprint,4538 - HASHVI 2412205,1,2024-11-27,OpVnPvMxgZur5plaqKtB,2024-11-29,,4538,2024-12-02,127828d8-a905-11ef-b8d3-b3f555baf86b,40.7279,-74.2656
"10463,United States",1,3,4302,3,Qualprint,4538 - HASHVI 2412205,1,2024-11-27,OpVnPvMxgZur5plaqKtB,2024-11-27,,4538,2024-11-29,d1793681-a904-11ef-b8d3-b3f555baf86b,40.8798,-73.9067
"12210,United States",1,3,4302,3,Qualprint,4538 - HASHVI 2412205,1,2024-11-27,OpVnPvMxgZur5plaqKtB,2024-11-27,,4538,2024-11-29,cbf4c6e7-a902-11ef-bfa6-c5aed389b69d,42.6568,-73.7605
"08540,United States",1,3,4302,3,Qualprint,4538 - HASHVI 2412205,1,2024-11-27,OpVnPvMxgZur5plaqKtB,2024-11-29,,4538,2024-12-02,ffff39ce-a902-11ef-8dd9-012f1b080b7c,40.3666,-74.6408
"12153,United States",1,3,4302,3,Qualprint,4538 - HASHVI 2412205,1,2024-11-27,OpVnPvMxgZur5plaqKtB,2024-11-27,,4538,2024-11-29,b742b3f2-a904-11ef-9696-4de1e6330e26,42.6379,-73.4989
"02131,United States",1,2,4302,2,Qualprint,4538 - HASHVI 2412205,1,2024-11-27,OpVnPvMxgZur5plaqKtB,2024-11-27,,4538,2024-11-29,bd9de673-a904-11ef-b573-3dbb81e63688,42.2836,-71.1295
"06457,United States",1,2,4302,2,Qualprint,4538 - HASHVI 2412205,1,2024-11-27,OpVnPvMxgZur5plaqKtB,2024-11-29,,4538,2024-11-29,ffeaa057-a902-11ef-8dd9-012f1b080b7c,41.5569,-72.6652
"12156,United States",1,2,4302,2,Qualprint,4538 - HASHVI 2412205,1,2024-11-27,OpVnPvMxgZur5plaqKtB,2024-11-27,,4538,2024-11-29,1e72def3-a905-11ef-b573-3dbb81e63688,42.4816,-73.748
"11238,United States",1,2,4302,2,Qualprint,4538 - HASHVI 2412205,1,2024-11-27,OpVnPvMxgZur5plaqKtB,2024-11-29,,4538,2024-11-29,618f1df6-a903-11ef-baa6-dd3a3af2e730,40.679,-73.9644
"12414,United States",1,2,4302,2,Qualprint,4538 - HASHVI 2412205,1,2024-11-27,OpVnPvMxgZur5plaqKtB,2024-11-29,,4538,2024-12-02,29ca1e97-a904-11ef-b573-3dbb81e63688,42.2276,-73.8985
"01760,United States",1,2,4302,2,Qualprint,4538 - HASHVI 2412205,1,2024-11-27,OpVnPvMxgZur5plaqKtB,2024-11-29,,4538,2024-12-02,1a4561f3-a905-11ef-b573-3dbb81e63688,42.2875,-71.3574
"12115,United States",1,2,4302,2,Qualprint,4538 - HASHVI 2412205,1,2024-11-27,OpVnPvMxgZur5plaqKtB,2024-11-27,,4538,2024-11-29,abe36560-a902-11ef-b972-275f3d92c4ca,42.4725,-73.5807
"02132,United States",1,2,4302,2,Qualprint,4538 - HASHVI 2412205,1,2024-11-27,OpVnPvMxgZur5plaqKtB,2024-11-27,,4538,2024-11-29,4881a00c-a905-11ef-b573-3dbb81e63688,42.2787,-71.1589
"11937,United States",1,2,4302,2,Qualprint,4538 - HASHVI 2412205,1,2024-11-27,OpVnPvMxgZur5plaqKtB,2024-11-29,,4538,2024-11-29,7722303a-a903-11ef-aadf-c9ca81d212b8,40.993,-72.179
"01108,United States",1,2,4302,2,Qualprint,4538 - HASHVI 2412205,1,2024-11-27,OpVnPvMxgZur5plaqKtB,2024-11-29,,4538,2024-11-29,2d09e041-a904-11ef-9cfe-4d2828bc361d,42.0853,-72.5584
"02790,United States",1,2,4302,2,Qualprint,4538 - HASHVI 2412205,1,2024-11-27,OpVnPvMxgZur5plaqKtB,2024-11-29,,4538,2024-12-02,f64f0ff1-a902-11ef-8316-2956f7236738,41.6211,-71.089
"01069,United States",1,2,4302,2,Qualprint,4538 - HASHVI 2412205,1,2024-11-27,OpVnPvMxgZur5plaqKtB,2024-11-29,,4538,2024-11-29,d7d0aa6a-a902-11ef-ac12-fff481f5d281,42.1762,-72.3288
"02332,United States",1,2,4302,2,Qualprint,4538 - HASHVI 2412205,1,2024-11-27,OpVnPvMxgZur5plaqKtB,2024-11-29,,4538,2024-12-02,d8c89acd-a909-11ef-bd5d-c53a966c1f01,42.0399,-70.7163
"10038,United States",1,2,4302,2,Qualprint,4538 - HASHVI 2412205,1,2024-11-27,OpVnPvMxgZur5plaqKtB,2024-11-27,,4538,2024-11-29,c83bcba1-a904-11ef-b573-3dbb81e63688,40.7101,-74.0013
"06079,United States",1,2,4302,2,Qualprint,4538 - HASHVI 2412205,1,2024-11-27,OpVnPvMxgZur5plaqKtB,2024-11-29,,4538,2024-11-29,9a6ec2b1-a907-11ef-8e87-7b5309f37d23,42.032,-73.4038
"19147,United States",1,2,4302,2,Qualprint,4538 - HASHVI 2412205,1,2024-11-27,OpVnPvMxgZur5plaqKtB,2024-11-29,,4538,2024-11-29,f86ee2a5-a902-11ef-8316-2956f7236738,39.9362,-75.1563
"06757,United States",1,2,4302,2,Qualprint,4538 - HASHVI 2412205,1,2024-11-27,OpVnPvMxgZur5plaqKtB,2024-11-29,,4538,2024-12-02,f0c0ca51-a902-11ef-bfa6-c5aed389b69d,41.7316,-73.4583
"11226,United States",1,2,4302,2,Qualprint,4538 - HASHVI 2412205,1,2024-11-27,OpVnPvMxgZur5plaqKtB,2024-11-29,,4538,2024-11-29,74cbb27e-a902-11ef-9b93-e1092a6c0f16,40.6467,-73.957
"12546,United States",1,2,4302,2,Qualprint,4538 - HASHVI 2412205,1,2024-11-27,OpVnPvMxgZur5plaqKtB,2024-11-29,,4538,2024-12-02,8c36b911-a902-11ef-91e3-f775831144c7,41.9536,-73.5287
"03451,United States",1,2,4302,2,Qualprint,4538 - HASHVI 2412205,1,2024-11-27,OpVnPvMxgZur5plaqKtB,2024-11-29,,4538,2024-12-02,1489b5a3-a903-11ef-8316-2956f7236738,42.8027,-72.5015
"90026,United States",1,2,4302,2,Qualprint,4538 - HASHVI 2412205,1,2024-11-27,OpVnPvMxgZur5plaqKtB,2024-11-29,,4538,2024-12-03,37dde62a-a903-11ef-b487-5988d5a3dcfe,34.0766,-118.2646
"94133,United States",1,2,4302,2,Qualprint,4538 - HASHVI 2412205,1,2024-11-27,OpVnPvMxgZur5plaqKtB,2024-11-29,,4538,2024-12-02,b42d4871-a902-11ef-901b-93ef5c56d78a,37.8002,-122.4091
"12571,United States",1,2,4302,2,Qualprint,4538 - HASHVI 2412205,1,2024-11-27,OpVnPvMxgZur5plaqKtB,2024-11-29,,4538,2024-12-06,75666be3-a902-11ef-af60-9db9032a0ac8,42.0064,-73.8546
"07042,United States",1,2,4302,2,Qualprint,4538 - HASHVI 2412205,1,2024-11-27,OpVnPvMxgZur5plaqKtB,2024-11-29,,4538,2024-12-02,473582e1-a903-11ef-bec1-9579cdb7a1fb,40.8131,-74.2165
"10033,United States",1,2,4302,2,Qualprint,4538 - HASHVI 2412205,1,2024-11-27,OpVnPvMxgZur5plaqKtB,2024-11-27,,4538,2024-11-29,55fe7ece-a904-11ef-b573-3dbb81e63688,40.8496,-73.9356
"12569,United States",1,2,4302,2,Qualprint,4538 - HASHVI 2412205,1,2024-11-27,OpVnPvMxgZur5plaqKtB,2024-11-29,,4538,2024-11-29,1c200ac1-a904-11ef-9ad8-3d831072383e,41.747,-73.8143
"34236,United States",1,2,4302,2,Qualprint,4538 - HASHVI 2412205,1,2024-11-27,OpVnPvMxgZur5plaqKtB,2024-11-29,,4538,2024-11-30,226480f1-a904-11ef-a570-9dcc894cbec2,27.3269,-82.5433
"06460,United States",1,2,4302,2,Qualprint,4538 - HASHVI 2412205,1,2024-11-27,OpVnPvMxgZur5plaqKtB,2024-11-29,,4538,2024-11-29,c5290d64-a904-11ef-b573-3dbb81e63688,41.2175,-73.0549
"06776,United States",1,2,4302,2,Qualprint,4538 - HASHVI 2412205,1,2024-11-27,OpVnPvMxgZur5plaqKtB,2024-11-29,,4538,2024-11-29,3fb5c301-a902-11ef-baa6-dd3a3af2e730,41.5817,-73.4128
"10543,United States",1,2,4302,2,Qualprint,4538 - HASHVI 2412205,1,2024-11-27,OpVnPvMxgZur5plaqKtB,2024-11-29,,4538,2024-12-02,a991ad27-a902-11ef-871c-ed8924add163,40.9525,-73.735
"12828,United States",1,2,4302,2,Qualprint,4538 - HASHVI 2412205,1,2024-11-27,OpVnPvMxgZur5plaqKtB,2024-11-27,,4538,2024-11-29,74422fcd-a905-11ef-b8d3-b3f555baf86b,43.2653,-73.5822
"91711,United States",1,2,4302,2,Qualprint,4538 - HASHVI 2412205,1,2024-11-27,OpVnPvMxgZur5plaqKtB,2024-11-29,,4538,2024-12-03,5a8caf0d-a903-11ef-aa98-5d162523f7e3,34.1092,-117.7183
"10520,United States",1,2,4302,2,Qualprint,4538 - HASHVI 2412205,1,2024-11-27,OpVnPvMxgZur5plaqKtB,2024-11-29,,4538,2024-12-02,d376ed31-a902-11ef-bfa6-c5aed389b69d,41.218,-73.8924
"01001,United States",1,2,4302,2,Qualprint,4538 - HASHVI 2412205,1,2024-11-27,OpVnPvMxgZur5plaqKtB,2024-11-29,,4538,2024-11-29,17203f01-a903-11ef-8414-b1dc88d05ed4,42.0702,-72.6227
"01505,United States",1,2,4302,2,Qualprint,4538 - HASHVI 2412205,1,2024-11-27,OpVnPvMxgZur5plaqKtB,2024-11-29,,4538,2024-12-02,1bb9c451-a903-11ef-8414-b1dc88d05ed4,42.3377,-71.731
"19382,United States",1,2,4302,2,Qualprint,4538 - HASHVI 2412205,1,2024-11-27,OpVnPvMxgZur5plaqKtB,2024-11-29,,4538,2024-12-02,47bebdd1-a908-11ef-98d9-c10003640bf5,39.9441,-75.5882
"11747,United States",1,2,4302,2,Qualprint,4538 - HASHVI 2412205,1,2024-11-27,OpVnPvMxgZur5plaqKtB,2024-11-29,,4538,2024-11-29,f6d7ef03-a902-11ef-bec1-9579cdb7a1fb,40.7946,-73.403
"12010,United States",1,2,4302,2,Qualprint,4538 - HASHVI 2412205,1,2024-11-27,OpVnPvMxgZur5plaqKtB,2024-11-27,,4538,2024-11-29,0258ba21-a903-11ef-b588-77b3fbc4c29d,42.9387,-74.1882
"02109,United States",1,2,4302,2,Qualprint,4538 - HASHVI 2412205,1,2024-11-27,OpVnPvMxgZur5plaqKtB,2024-11-27,,4538,2024-11-29,3780dc91-a904-11ef-88a3-b332ca0a7804,42.36,-71.0545
"92692,United States",1,2,4302,2,Qualprint,4538 - HASHVI 2412205,1,2024-11-27,OpVnPvMxgZur5plaqKtB,2024-11-29,,4538,2024-12-03,d2467190-a904-11ef-b573-3dbb81e63688,33.6144,-117.6433
"12205,United States",1,2,4302,2,Qualprint,4538 - HASHVI 2412205,1,2024-11-27,OpVnPvMxgZur5plaqKtB,2024-11-27,,4538,2024-11-29,2b026cf6-a903-11ef-bec1-9579cdb7a1fb,42.7198,-73.8207
"12809,United States",1,2,4302,2,Qualprint,4538 - HASHVI 2412205,1,2024-11-27,OpVnPvMxgZur5plaqKtB,2024-11-27,,4538,2024-11-29,3ab6a8b7-a903-11ef-937d-7f9df8d1bd99,43.2381,-73.4641
"12583,United States",1,2,4302,2,Qualprint,4538 - HASHVI 2412205,1,2024-11-27,OpVnPvMxgZur5plaqKtB,2024-11-29,,4538,2024-12-02,bc349270-a904-11ef-9696-4de1e6330e26,42.0579,-73.9025
"12508,United States",1,2,4302,2,Qualprint,4538 - HASHVI 2412205,1,2024-11-27,OpVnPvMxgZur5plaqKtB,2024-11-29,,4538,2024-12-02,b0c55361-a904-11ef-b8d3-b3f555baf86b,41.5097,-73.9634
"08724,United States",1,2,4302,2,Qualprint,4538 - HASHVI 2412205,1,2024-11-27,OpVnPvMxgZur5plaqKtB,2024-11-29,,4538,2024-12-02,6f7fbb30-a904-11ef-a570-9dcc894cbec2,40.0874,-74.1152
"94109,United States",1,2,4302,2232,Qualprint,4538 - HASHVI 2412205,1,2024-11-27,OpVnPvMxgZur5plaqKtB,2024-11-29,,4538,2024-12-29,b010e273-a902-11ef-bf6d-e598677580ab,37.7917,-122.4186
"06468,United States",1,2,4302,2,Qualprint,4538 - HASHVI 2412205,1,2024-11-27,OpVnPvMxgZur5plaqKtB,2024-11-29,,4538,2024-11-29,19ac4ba4-a904-11ef-937d-7f9df8d1bd99,41.3312,-73.2243
"34105,United States",1,2,4302,2,Qualprint,4538 - HASHVI 2412205,1,2024-11-27,OpVnPvMxgZur5plaqKtB,2024-11-29,,4538,2024-12-02,3895a7f5-a904-11ef-aadf-c9ca81d212b8,26.1938,-81.7636
"01775,United States",1,2,4302,2,Qualprint,4538 - HASHVI 2412205,1,2024-11-27,OpVnPvMxgZur5plaqKtB,2024-11-29,,4538,2024-12-02,758ae3c7-a902-11ef-af60-9db9032a0ac8,42.4308,-71.515
"12592,United States",1,2,4302,2,Qualprint,4538 - HASHVI 2412205,1,2024-11-27,OpVnPvMxgZur5plaqKtB,2024-11-29,,4538,2024-11-29,4dbce399-a905-11ef-b573-3dbb81e63688,41.7759,-73.5544
"01845,United States",1,2,4302,2,Qualprint,4538 - HASHVI 2412205,1,2024-11-27,OpVnPvMxgZur5plaqKtB,2024-11-27,,4538,2024-11-29,1cdaebc8-a903-11ef-8316-2956f7236738,42.6826,-71.109
"13220,United States",1,2,4302,2,Qualprint,4538 - HASHVI 2412205,1,2024-11-27,OpVnPvMxgZur5plaqKtB,2024-11-29,SYRACUSE,4538,2024-12-03,eba7c9e2-a904-11ef-9696-4de1e6330e26,43.1234,-76.1282
"06525,United States",1,2,4302,2,Qualprint,4538 - HASHVI 2412205,1,2024-11-27,OpVnPvMxgZur5plaqKtB,2024-11-29,,4538,2024-11-29,383cb290-a904-11ef-88a3-b332ca0a7804,41.3082,-72.9282
"20895,United States",1,2,4302,2,Qualprint,4538 - HASHVI 2412205,1,2024-11-27,OpVnPvMxgZur5plaqKtB,2024-11-29,,4538,2024-12-02,65b4dd50-a904-11ef-88a3-b332ca0a7804,39.0298,-77.0793
"06754,United States",1,2,4302,2,Qualprint,4538 - HASHVI 2412205,1,2024-11-27,OpVnPvMxgZur5plaqKtB,2024-11-29,,4538,2024-11-29,d2957c07-a904-11ef-b573-3dbb81e63688,41.8187,-73.371
"07739,United States",1,2,4302,2,Qualprint,4538 - HASHVI 2412205,1,2024-11-27,OpVnPvMxgZur5plaqKtB,2024-11-29,,4538,2024-12-02,efc3f3c1-a902-11ef-9458-c7798e192c31,40.3354,-74.0413
"01253,United States",1,2,4302,2,Qualprint,4538 - HASHVI 2412205,1,2024-11-27,OpVnPvMxgZur5plaqKtB,2024-11-29,,4538,2024-11-29,b672cba3-a902-11ef-901b-93ef5c56d78a,42.1931,-73.0918
"01826,United States",1,2,4302,2,Qualprint,4538 - HASHVI 2412205,1,2024-11-27,OpVnPvMxgZur5plaqKtB,2024-11-27,,4538,2024-11-29,18ee9664-a903-11ef-897a-4f7ac04b3f94,42.6764,-71.3186
"05346,United States",1,2,4302,2,Qualprint,4538 - HASHVI 2412205,1,2024-11-27,OpVnPvMxgZur5plaqKtB,2024-11-29,,4538,2024-12-02,30433955-a904-11ef-a570-9dcc894cbec2,43.0356,-72.5123
"63155,United States",1,2,4302,4302,Qualprint,4538 - HASHVI 2412205,1,2024-11-27,OpVnPvMxgZur5plaqKtB,2024-11-29,SAINT LOUIS,4538,2024-12-13,6dc55660-a903-11ef-aadf-c9ca81d212b8,38.6273,-90.1979
"94301,United States",1,2,4302,4302,Qualprint,4538 - HASHVI 2412205,1,2024-11-27,OpVnPvMxgZur5plaqKtB,2024-11-29,,4538,2024-12-02,4b96450c-a903-11ef-aadf-c9ca81d212b8,37.4443,-122.1497
"02467,United States",1,2,4302,2,Qualprint,4538 - HASHVI 2412205,1,2024-11-27,OpVnPvMxgZur5plaqKtB,2024-11-27,,4538,2024-11-29,e096fe96-a904-11ef-9696-4de1e6330e26,42.3164,-71.1612
"06098,United States",1,2,4302,2,Qualprint,4538 - HASHVI 2412205,1,2024-11-27,OpVnPvMxgZur5plaqKtB,2024-11-29,,4538,2024-11-29,c0a0c630-a904-11ef-a570-9dcc894cbec2,41.9252,-73.0663
"07006,United States",1,2,4302,2,Qualprint,4538 - HASHVI 2412205,1,2024-11-27,OpVnPvMxgZur5plaqKtB,2024-11-29,,4538,2024-12-02,0f649225-a903-11ef-b9a6-cb521dbaab41,40.8545,-74.2789
"05701,United States",1,2,4302,2,Qualprint,4538 - HASHVI 2412205,1,2024-11-27,OpVnPvMxgZur5plaqKtB,2024-11-29,,4538,2024-12-02,cfa30c73-a903-11ef-b6ee-99fe490b983b,43.6141,-72.9708
"11249,United States",1,2,4302,2,Qualprint,4538 - HASHVI 2412205,1,2024-11-27,OpVnPvMxgZur5plaqKtB,2024-11-29,,4538,2024-11-29,649b570b-a904-11ef-88a3-b332ca0a7804,40.6451,-73.945
"21042,United States",1,2,4302,2,Qualprint,4538 - HASHVI 2412205,1,2024-11-27,OpVnPvMxgZur5plaqKtB,2024-11-29,,4538,2024-12-02,0ee2ad62-a902-11ef-baa6-dd3a3af2e730,39.2726,-76.8614
"10710,United States",1,2,4302,2,Qualprint,4538 - HASHVI 2412205,1,2024-11-27,OpVnPvMxgZur5plaqKtB,2024-11-29,,4538,2024-11-29,44ea3df3-a904-11ef-a570-9dcc894cbec2,40.9656,-73.8434
"11101,United States",1,2,4302,2,Qualprint,4538 - HASHVI 2412205,1,2024-11-27,OpVnPvMxgZur5plaqKtB,2024-11-29,,4538,2024-11-30,d86ad211-a903-11ef-aadf-c9ca81d212b8,40.7446,-73.9345
"21111,United States",1,2,4302,2,Qualprint,4538 - HASHVI 2412205,1,2024-11-27,OpVnPvMxgZur5plaqKtB,2024-11-29,,4538,2024-12-02,6b681001-a904-11ef-88a3-b332ca0a7804,39.5662,-76.5979
"02536,United States",1,2,4302,2,Qualprint,4538 - HASHVI 2412205,1,2024-11-27,OpVnPvMxgZur5plaqKtB,2024-11-29,,4538,2024-12-02,c8e4f961-a903-11ef-8d1b-298d37f423b8,41.5968,-70.5671
"19103,United States",1,2,4302,2,Qualprint,4538 - HASHVI 2412205,1,2024-11-27,OpVnPvMxgZur5plaqKtB,2024-11-29,,4538,2024-11-29,6b93b3ed-a904-11ef-aa98-5d162523f7e3,39.9513,-75.1741
"01451,United States",1,2,4302,2,Qualprint,4538 - HASHVI 2412205,1,2024-11-27,OpVnPvMxgZur5plaqKtB,2024-11-29,,4538,2024-12-02,b504359b-a904-11ef-b573-3dbb81e63688,42.4986,-71.5753
"06018,United States",1,2,4302,2,Qualprint,4538 - HASHVI 2412205,1,2024-11-27,OpVnPvMxgZur5plaqKtB,2024-11-29,,4538,2024-11-29,c0ce65d4-a904-11ef-9696-4de1e6330e26,42.0248,-73.3232
"12603,United States",1,2,4302,2,Qualprint,4538 - HASHVI 2412205,1,2024-11-27,OpVnPvMxgZur5plaqKtB,2024-11-29,,4538,2024-11-29,c052147d-a905-11ef-8358-256b6d840bfb,41.6907,-73.8621
"06031,United States",1,2,4302,2,Qualprint,4538 - HASHVI 2412205,1,2024-11-27,OpVnPvMxgZur5plaqKtB,2024-11-29,,4538,2024-11-29,3eefac8b-a905-11ef-b8d3-b3f555baf86b,41.9559,-73.3632
"02114,United States",1,2,4302,2,Qualprint,4538 - HASHVI 2412205,1,2024-11-27,OpVnPvMxgZur5plaqKtB,2024-11-27,,4538,2024-11-29,705f6235-a903-11ef-b9a6-cb521dbaab41,42.3611,-71.0682
"06110,United States",1,2,4302,2,Qualprint,4538 - HASHVI 2412205,1,2024-11-27,OpVnPvMxgZur5plaqKtB,2024-11-29,,4538,2024-11-29,ec8850dc-a902-11ef-937d-7f9df8d1bd99,41.7326,-72.7337
"01071,United States",1,2,4302,2,Qualprint,4538 - HASHVI 2412205,1,2024-11-27,OpVnPvMxgZur5plaqKtB,2024-11-29,,4538,2024-11-29,088ee633-a908-11ef-ab85-01800d5c149a,42.1471,-72.8403
"02904,United States",1,2,4302,2,Qualprint,4538 - HASHVI 2412205,1,2024-11-27,OpVnPvMxgZur5plaqKtB,2024-11-29,PROVIDENCE,4538,2024-12-02,04c283a3-a902-11ef-bec1-9579cdb7a1fb,41.8541,-71.4378
"06010,United States",1,2,4302,2,Qualprint,4538 - HASHVI 2412205,1,2024-11-27,OpVnPvMxgZur5plaqKtB,2024-11-29,,4538,2024-11-29,3f8a65e7-a905-11ef-b8d3-b3f555baf86b,41.6823,-72.9302
"10013,United States",1,2,4302,2,Qualprint,4538 - HASHVI 2412205,1,2024-11-27,OpVnPvMxgZur5plaqKtB,2024-11-27,,4538,2024-11-29,a0b22445-a903-11ef-aa98-5d162523f7e3,40.7185,-74.0025
"10956,United States",1,2,4302,2,Qualprint,4538 - HASHVI 2412205,1,2024-11-27,OpVnPvMxgZur5plaqKtB,2024-11-29,,4538,2024-11-29,a5b6f92e-a904-11ef-b573-3dbb81e63688,41.1472,-73.9962
"01541,United States",1,2,4302,2,Qualprint,4538 - HASHVI 2412205,1,2024-11-27,OpVnPvMxgZur5plaqKtB,2024-11-29,,4538,2024-12-02,a45b2f2a-a903-11ef-bec1-9579cdb7a1fb,42.4508,-71.8762
"10701,United States",1,2,4302,2,Qualprint,4538 - HASHVI 2412205,1,2024-11-27,OpVnPvMxgZur5plaqKtB,2024-11-29,,4538,2024-12-02,6f4cb9c1-a903-11ef-aadf-c9ca81d212b8,40.9461,-73.8669
"02532,United States",1,2,4302,2,Qualprint,4538 - HASHVI 2412205,1,2024-11-27,OpVnPvMxgZur5plaqKtB,2024-11-29,,4538,2024-12-02,045dd8f5-a903-11ef-af60-9db9032a0ac8,41.7455,-70.5905
"27012,United States",1,2,4302,2,Qualprint,4538 - HASHVI 2412205,1,2024-11-27,OpVnPvMxgZur5plaqKtB,2024-11-29,,4538,2024-11-30,de8244e8-a903-11ef-b6ee-99fe490b983b,36.0341,-80.3962
"33418,United States",1,2,4302,2,Qualprint,4538 - HASHVI 2412205,1,2024-11-27,OpVnPvMxgZur5plaqKtB,2024-11-29,,4538,2024-12-02,e07414a4-a901-11ef-b972-275f3d92c4ca,26.8234,-80.1387
"10706,United States",1,2,4302,2,Qualprint,4538 - HASHVI 2412205,1,2024-11-27,OpVnPvMxgZur5plaqKtB,2024-11-29,,4538,2024-11-29,ef7ab5c9-a902-11ef-937d-7f9df8d1bd99,40.9878,-73.863
"12094,United States",1,2,4302,2,Qualprint,4538 - HASHVI 2412205,1,2024-11-27,OpVnPvMxgZur5plaqKtB,2024-11-27,,4538,2024-11-29,629c52bb-a904-11ef-a570-9dcc894cbec2,42.8769,-73.4989
"33140,United States",1,2,4302,2,Qualprint,4538 - HASHVI 2412205,1,2024-11-27,OpVnPvMxgZur5plaqKtB,2024-11-29,,4538,2024-12-02,fbbcb8b1-a903-11ef-88a3-b332ca0a7804,25.8198,-80.1337
"44122,United States",1,2,4302,2,Qualprint,4538 - HASHVI 2412205,1,2024-11-27,OpVnPvMxgZur5plaqKtB,2024-11-29,,4538,2024-12-06,340d5623-a903-11ef-937d-7f9df8d1bd99,41.4701,-81.5232
"20817,United States",1,2,4302,2,Qualprint,4538 - HASHVI 2412205,1,2024-11-27,OpVnPvMxgZur5plaqKtB,2024-11-29,,4538,2024-12-02,1ba73153-a904-11ef-937d-7f9df8d1bd99,38.9896,-77.1538
"02043,United States",1,2,4302,2,Qualprint,4538 - HASHVI 2412205,1,2024-11-27,OpVnPvMxgZur5plaqKtB,2024-11-29,,4538,2024-12-02,afc1a9b9-a905-11ef-8358-256b6d840bfb,42.2245,-70.8911
"12540,United States",1,2,4302,2,Qualprint,4538 - HASHVI 2412205,1,2024-11-27,OpVnPvMxgZur5plaqKtB,2024-11-29,,4538,2024-11-29,e7f3ad7c-a902-11ef-b972-275f3d92c4ca,41.6615,-73.745
"11581,United States",1,2,4302,2,Qualprint,4538 - HASHVI 2412205,1,2024-11-27,OpVnPvMxgZur5plaqKtB,2024-11-29,,4538,2024-12-02,ba42a2ea-a903-11ef-91e3-f775831144c7,40.6523,-73.7118
"10580,United States",1,2,4302,2,Qualprint,4538 - HASHVI 2412205,1,2024-11-27,OpVnPvMxgZur5plaqKtB,2024-11-29,,4538,2024-12-02,bbe599f3-a902-11ef-bec1-9579cdb7a1fb,40.9734,-73.6907
"03470,United States",1,2,4302,2,Qualprint,4538 - HASHVI 2412205,1,2024-11-27,OpVnPvMxgZur5plaqKtB,2024-11-29,,4538,2024-12-02,bf26c5c2-a903-11ef-88a3-b332ca0a7804,42.7788,-72.344
"02837,United States",1,2,4302,2,Qualprint,4538 - HASHVI 2412205,1,2024-11-27,OpVnPvMxgZur5plaqKtB,2024-11-29,,4538,2024-12-02,1b241e94-a904-11ef-b487-5988d5a3dcfe,41.522,-71.1612
"29403,United States",1,2,4302,2,Qualprint,4538 - HASHVI 2412205,1,2024-11-27,OpVnPvMxgZur5plaqKtB,2024-11-29,,4538,2024-11-30,4dd12458-a904-11ef-a816-e9a333d5a54f,32.7976,-79.9493
"10605,United States",1,2,4302,2,Qualprint,4538 - HASHVI 2412205,1,2024-11-27,OpVnPvMxgZur5plaqKtB,2024-11-29,,4538,2024-12-02,81be5d2b-a902-11ef-9b93-e1092a6c0f16,41.0141,-73.7552
"01776,United States",1,2,4302,2,Qualprint,4538 - HASHVI 2412205,1,2024-11-27,OpVnPvMxgZur5plaqKtB,2024-11-29,,4538,2024-12-02,107e3f86-a903-11ef-b588-77b3fbc4c29d,42.3837,-71.4282
"10576,United States",1,2,4302,2,Qualprint,4538 - HASHVI 2412205,1,2024-11-27,OpVnPvMxgZur5plaqKtB,2024-11-29,,4538,2024-12-02,23d23731-a903-11ef-a816-e9a333d5a54f,41.2042,-73.5732
"02025,United States",1,2,4302,2,Qualprint,4538 - HASHVI 2412205,1,2024-11-27,OpVnPvMxgZur5plaqKtB,2024-11-29,,4538,2024-12-02,13e44de0-a903-11ef-af60-9db9032a0ac8,42.2395,-70.8128
"01536,United States",1,2,4302,2,Qualprint,4538 - HASHVI 2412205,1,2024-11-27,OpVnPvMxgZur5plaqKtB,2024-11-29,,4538,2024-12-02,cdc63625-a903-11ef-aa98-5d162523f7e3,42.2297,-71.7037
"10306,United States",1,2,4302,2,Qualprint,4538 - HASHVI 2412205,1,2024-11-27,OpVnPvMxgZur5plaqKtB,2024-11-29,,4538,2024-11-29,3a9468ec-a905-11ef-b8d3-b3f555baf86b,40.5682,-74.1184
"12567,United States",1,2,4302,2,Qualprint,4538 - HASHVI 2412205,1,2024-11-27,OpVnPvMxgZur5plaqKtB,2024-11-29,,4538,2024-11-29,b87ce1a6-a904-11ef-b573-3dbb81e63688,41.9896,-73.6602
"10516,United States",1,2,4302,2,Qualprint,4538 - HASHVI 2412205,1,2024-11-27,OpVnPvMxgZur5plaqKtB,2024-11-29,,4538,2024-12-02,019502bd-a908-11ef-ab85-01800d5c149a,41.4414,-73.9335
"11377,United States",1,2,4302,2,Qualprint,4538 - HASHVI 2412205,1,2024-11-27,OpVnPvMxgZur5plaqKtB,2024-11-29,,4538,2024-11-30,b66473c4-a902-11ef-af60-9db9032a0ac8,40.745,-73.9069
"06825,United States",1,2,4302,2,Qualprint,4538 - HASHVI 2412205,1,2024-11-27,OpVnPvMxgZur5plaqKtB,2024-11-29,,4538,2024-12-02,722d12ca-a902-11ef-af60-9db9032a0ac8,41.1928,-73.2402
"02066,United States",1,2,4302,2,Qualprint,4538 - HASHVI 2412205,1,2024-11-27,OpVnPvMxgZur5plaqKtB,2024-11-29,,4538,2024-12-02,e075f3f5-a902-11ef-85d7-937e2415baf8,42.2032,-70.7525
"02460,United States",1,2,4302,2,Qualprint,4538 - HASHVI 2412205,1,2024-11-27,OpVnPvMxgZur5plaqKtB,2024-11-27,,4538,2024-11-29,209733a3-a907-11ef-9ce1-e96fbc32e388,42.352,-71.2084
"06756,United States",1,2,4302,2,Qualprint,4538 - HASHVI 2412205,1,2024-11-27,OpVnPvMxgZur5plaqKtB,2024-11-29,,4538,2024-11-29,d218e3d7-a902-11ef-bfa6-c5aed389b69d,41.8335,-73.2429
"01375,United States",1,2,4302,2,Qualprint,4538 - HASHVI 2412205,1,2024-11-27,OpVnPvMxgZur5plaqKtB,2024-11-29,,4538,2024-12-02,d148d7bc-a904-11ef-b573-3dbb81e63688,42.4539,-72.5676
"08904,United States",1,2,4302,2,Qualprint,4538 - HASHVI 2412205,1,2024-11-27,OpVnPvMxgZur5plaqKtB,2024-11-29,,4538,2024-12-02,2f8a8d24-a903-11ef-901b-93ef5c56d78a,40.4991,-74.4266
"01056,United States",1,2,4302,2,Qualprint,4538 - HASHVI 2412205,1,2024-11-27,OpVnPvMxgZur5plaqKtB,2024-11-29,,4538,2024-11-29,1d658315-a904-11ef-b588-77b3fbc4c29d,42.1728,-72.471
"02915,United States",1,2,4302,2,Qualprint,4538 - HASHVI 2412205,1,2024-11-27,OpVnPvMxgZur5plaqKtB,2024-11-29,,4538,2024-12-02,e430d93b-a902-11ef-937d-7f9df8d1bd99,41.7723,-71.3542
"02806,United States",1,2,4302,2,Qualprint,4538 - HASHVI 2412205,1,2024-11-27,OpVnPvMxgZur5plaqKtB,2024-11-29,,4538,2024-12-02,024e8ebf-a908-11ef-ab85-01800d5c149a,41.7443,-71.3175
"10019,United States",1,2,4302,2,Qualprint,4538 - HASHVI 2412205,1,2024-11-27,OpVnPvMxgZur5plaqKtB,2024-11-27,,4538,2024-11-29,97c14836-a902-11ef-af60-9db9032a0ac8,40.7651,-73.9858
"92101,United States",1,2,4302,2,Qualprint,4538 - HASHVI 2412205,1,2024-11-27,OpVnPvMxgZur5plaqKtB,2024-11-29,,4538,2024-12-03,049c1a77-a903-11ef-b487-5988d5a3dcfe,32.7185,-117.1593
"02494,United States",1,2,4302,2,Qualprint,4538 - HASHVI 2412205,1,2024-11-27,OpVnPvMxgZur5plaqKtB,2024-11-27,,4538,2024-11-29,464077b5-a907-11ef-9ce1-e96fbc32e388,42.2945,-71.2328
"10069,United States",1,2,4302,2,Qualprint,4538 - HASHVI 2412205,1,2024-11-27,OpVnPvMxgZur5plaqKtB,2024-11-27,,4538,2024-11-29,2f3572d5-a904-11ef-b573-3dbb81e63688,40.778,-73.9884
"12503,United States",1,2,4302,2,Qualprint,4538 - HASHVI 2412205,1,2024-11-27,OpVnPvMxgZur5plaqKtB,2024-11-29,,4538,2024-12-02,0ef46b34-a903-11ef-91e3-f775831144c7,42.0381,-73.5819
"05452,United States",0,2,4302,2,Qualprint,4538 - HASHVI 2412205,1,2024-11-27,OpVnPvMxgZur5plaqKtB,2024-11-29,BURLINGTON,4538,2024-12-02,20f0ccba-a904-11ef-88a3-b332ca0a7804,44.5035,-73.0906
"01260,United States",1,2,4302,2,Qualprint,4538 - HASHVI 2412205,1,2024-11-27,OpVnPvMxgZur5plaqKtB,2024-11-29,,4538,2024-11-29,14a5c926-a903-11ef-8316-2956f7236738,42.2779,-73.2773
"05301,United States",1,2,4302,2,Qualprint,4538 - HASHVI 2412205,1,2024-11-27,OpVnPvMxgZur5plaqKtB,2024-11-29,,4538,2024-12-02,e6de6ce1-a902-11ef-bf6d-e598677580ab,42.8574,-72.5933
"11743,United States",1,2,4302,2,Qualprint,4538 - HASHVI 2412205,1,2024-11-27,OpVnPvMxgZur5plaqKtB,2024-11-29,,4538,2024-11-29,3bcd7aa7-a904-11ef-a570-9dcc894cbec2,40.8676,-73.4102
"12170,United States",1,2,4302,2,Qualprint,4538 - HASHVI 2412205,1,2024-11-27,OpVnPvMxgZur5plaqKtB,2024-11-27,,4538,2024-11-29,1cb47b3b-a907-11ef-9ce1-e96fbc32e388,43.0019,-73.6609
"22102,United States",1,2,4302,3091,Qualprint,4538 - HASHVI 2412205,1,2024-11-27,OpVnPvMxgZur5plaqKtB,2024-11-29,,4538,2024-11-30,da7be25d-a904-11ef-b573-3dbb81e63688,38.953,-77.2295
"01244,United States",1,2,4302,3091,Qualprint,4538 - HASHVI 2412205,1,2024-11-27,OpVnPvMxgZur5plaqKtB,2024-11-29,,4538,2024-11-29,30e3065d-a905-11ef-9696-4de1e6330e26,42.1228,-73.254
"20016,United States",1,2,4302,3091,Qualprint,4538 - HASHVI 2412205,1,2024-11-27,OpVnPvMxgZur5plaqKtB,2024-11-29,,4538,2024-11-30,43ad94a6-a903-11ef-937d-7f9df8d1bd99,38.9381,-77.086
"11530,United States",1,2,4302,2,Qualprint,4538 - HASHVI 2412205,1,2024-11-27,OpVnPvMxgZur5plaqKtB,2024-11-29,,4538,2024-12-02,7c4d867a-a909-11ef-bfde-c527739cf666,40.7245,-73.6487
"01886,United States",1,2,4302,2,Qualprint,4538 - HASHVI 2412205,1,2024-11-27,OpVnPvMxgZur5plaqKtB,2024-11-27,,4538,2024-11-29,5961ce01-a904-11ef-b573-3dbb81e63688,42.5864,-71.4401
"06478,United States",1,2,4302,3091,Qualprint,4538 - HASHVI 2412205,1,2024-11-27,OpVnPvMxgZur5plaqKtB,2024-11-29,,4538,2024-11-29,4885c62a-a902-11ef-8414-b1dc88d05ed4,41.4202,-73.1296
"02739,United States",1,2,4302,3091,Qualprint,4538 - HASHVI 2412205,1,2024-11-27,OpVnPvMxgZur5plaqKtB,2024-11-29,,4538,2024-12-02,37c0fd6a-a905-11ef-b8d3-b3f555baf86b,41.6618,-70.8164
"10065,United States",1,2,4302,2,Qualprint,4538 - HASHVI 2412205,1,2024-11-27,OpVnPvMxgZur5plaqKtB,2024-11-27,,4538,2024-11-29,aa78ffe3-a902-11ef-baa6-dd3a3af2e730,40.7651,-73.9638
"06511,United States",1,2,4302,3091,Qualprint,4538 - HASHVI 2412205,1,2024-11-27,OpVnPvMxgZur5plaqKtB,2024-11-29,,4538,2024-11-29,c386d245-a908-11ef-9562-c1c871c2ed10,41.3184,-72.9318
"06880,United States",1,2,4302,3091,Qualprint,4538 - HASHVI 2412205,1,2024-11-27,OpVnPvMxgZur5plaqKtB,2024-11-29,,4538,2024-12-02,139eeb09-a904-11ef-8d1b-298d37f423b8,41.1434,-73.3496
"12118,United States",1,2,4302,2,Qualprint,4538 - HASHVI 2412205,1,2024-11-27,OpVnPvMxgZur5plaqKtB,2024-11-27,,4538,2024-11-29,1c90b18d-a905-11ef-b573-3dbb81e63688,42.9168,-73.7214
"01890,United States",1,2,4302,2,Qualprint,4538 - HASHVI 2412205,1,2024-11-27,OpVnPvMxgZur5plaqKtB,2024-11-27,,4538,2024-11-29,9316685a-a903-11ef-aadf-c9ca81d212b8,42.453,-71.1441
"01118,United States",1,2,4302,3091,Qualprint,4538 - HASHVI 2412205,1,2024-11-27,OpVnPvMxgZur5plaqKtB,2024-11-29,,4538,2024-11-29,bb6996b1-a903-11ef-8d1b-298d37f423b8,42.0929,-72.5274
"12484,United States",1,2,4302,2,Qualprint,4538 - HASHVI 2412205,1,2024-11-27,OpVnPvMxgZur5plaqKtB,2024-11-29,,4538,2024-12-02,df69e8e7-a907-11ef-9562-c1c871c2ed10,41.8616,-74.1697
"02067,United States",1,2,4302,3091,Qualprint,4538 - HASHVI 2412205,1,2024-11-27,OpVnPvMxgZur5plaqKtB,2024-11-29,,4538,2024-12-02,a8ff7f41-a902-11ef-9cfe-4d2828bc361d,42.1094,-71.1759
"12130,United States",1,2,4302,2,Qualprint,4538 - HASHVI 2412205,1,2024-11-27,OpVnPvMxgZur5plaqKtB,2024-11-27,,4538,2024-11-29,b76900ae-a904-11ef-b573-3dbb81e63688,42.44,-73.6663
"01532,United States",1,2,4302,2,Qualprint,4538 - HASHVI 2412205,1,2024-11-27,OpVnPvMxgZur5plaqKtB,2024-11-29,,4538,2024-12-02,e19b0119-a904-11ef-9696-4de1e6330e26,42.3182,-71.6464
"05257,United States",1,2,4302,2309,Qualprint,4538 - HASHVI 2412205,1,2024-11-27,OpVnPvMxgZur5plaqKtB,2024-11-29,,4538,2024-12-06,11c5efe4-a905-11ef-b8d3-b3f555baf86b,42.9304,-73.2426
"12553,United States",1,2,4302,2309,Qualprint,4538 - HASHVI 2412205,1,2024-11-27,OpVnPvMxgZur5plaqKtB,2024-11-29,,4538,2024-11-29,16621495-a902-11ef-aa2f-afeb17addb22,41.4724,-74.0566
"12090,United States",1,2,4302,2309,Qualprint,4538 - HASHVI 2412205,1,2024-11-27,OpVnPvMxgZur5plaqKtB,2024-11-27,,4538,2024-11-29,bb328eea-a908-11ef-92c8-234e3f50db31,42.8937,-73.3581
"10514,United States",1,2,4302,2,Qualprint,4538 - HASHVI 2412205,1,2024-11-27,OpVnPvMxgZur5plaqKtB,2024-11-29,,4538,2024-12-02,f7e0102d-a902-11ef-8316-2956f7236738,41.1705,-73.7715
"10960,United States",1,2,4302,2,Qualprint,4538 - HASHVI 2412205,1,2024-11-27,OpVnPvMxgZur5plaqKtB,2024-11-29,,4538,2024-11-29,b9595468-a903-11ef-aa98-5d162523f7e3,41.0914,-73.9252
"12477,United States",1,2,4302,2,Qualprint,4538 - HASHVI 2412205,1,2024-11-27,OpVnPvMxgZur5plaqKtB,2024-11-29,,4538,2024-12-02,28a961c6-a903-11ef-9ad8-3d831072383e,42.0738,-73.9797
"12834,United States",1,2,4302,2,Qualprint,4538 - HASHVI 2412205,1,2024-11-27,OpVnPvMxgZur5plaqKtB,2024-11-27,,4538,2024-11-29,f204f850-a904-11ef-b8d3-b3f555baf86b,43.0947,-73.503
"02081,United States",1,2,4302,2,Qualprint,4538 - HASHVI 2412205,1,2024-11-27,OpVnPvMxgZur5plaqKtB,2024-11-29,,4538,2024-12-02,fa1d1d0d-a904-11ef-9696-4de1e6330e26,42.1444,-71.2544
"12306,United States",1,2,4302,2309,Qualprint,4538 - HASHVI 2412205,1,2024-11-27,OpVnPvMxgZur5plaqKtB,2024-11-27,,4538,2024-11-29,1047c634-a903-11ef-91e3-f775831144c7,42.7904,-73.9809
"06033,United States",1,2,4302,2309,Qualprint,4538 - HASHVI 2412205,1,2024-11-27,OpVnPvMxgZur5plaqKtB,2024-11-29,,4538,2024-11-30,f8ab9d90-a902-11ef-897a-4f7ac04b3f94,41.7073,-72.5727
"34201,United States",1,2,4302,2309,Qualprint,4538 - HASHVI 2412205,1,2024-11-27,OpVnPvMxgZur5plaqKtB,2024-11-29,,4538,2024-11-30,1851f66c-a905-11ef-b8d3-b3f555baf86b,27.4047,-82.4705
"06085,United States",1,2,4302,2309,Qualprint,4538 - HASHVI 2412205,1,2024-11-27,OpVnPvMxgZur5plaqKtB,2024-11-29,,4538,2024-11-30,14cf57e6-a908-11ef-943d-8fad0b9c4e36,41.7477,-72.8874
"11375,United States",1,2,4302,2,Qualprint,4538 - HASHVI 2412205,1,2024-11-27,OpVnPvMxgZur5plaqKtB,2024-11-29,,4538,2024-11-30,df8ddde2-a902-11ef-85d7-937e2415baf8,40.7229,-73.8473
"10005,United States",1,2,4302,2,Qualprint,4538 - HASHVI 2412205,1,2024-11-27,OpVnPvMxgZur5plaqKtB,2024-11-27,,4538,2024-11-29,cfdb8c13-a904-11ef-b573-3dbb81e63688,40.7056,-74.0083
"02771,United States",1,2,4302,2309,Qualprint,4538 - HASHVI 2412205,1,2024-11-27,OpVnPvMxgZur5plaqKtB,2024-11-29,,4538,2024-12-02,1f232e11-a903-11ef-8316-2956f7236738,41.8378,-71.3224
"02461,United States",1,2,4302,2309,Qualprint,4538 - HASHVI 2412205,1,2024-11-27,OpVnPvMxgZur5plaqKtB,2024-11-27,,4538,2024-11-29,18ba0720-a905-11ef-b573-3dbb81e63688,42.3168,-71.2084
"06032,United States",1,2,4302,2309,Qualprint,4538 - HASHVI 2412205,1,2024-11-27,OpVnPvMxgZur5plaqKtB,2024-11-29,,4538,2024-11-29,4680f561-a902-11ef-91e3-f775831144c7,41.7284,-72.8415
"11217,United States",1,2,4302,2,Qualprint,4538 - HASHVI 2412205,1,2024-11-27,OpVnPvMxgZur5plaqKtB,2024-11-29,,4538,2024-11-29,b9bf3782-a902-11ef-a816-e9a333d5a54f,40.6816,-73.9798
"07079,United States",1,2,4302,2,Qualprint,4538 - HASHVI 2412205,1,2024-11-27,OpVnPvMxgZur5plaqKtB,2024-11-29,,4538,2024-12-02,18587b73-a904-11ef-9458-c7798e192c31,40.7465,-74.2575
"02360,United States",1,2,4302,2309,Qualprint,4538 - HASHVI 2412205,1,2024-11-27,OpVnPvMxgZur5plaqKtB,2024-11-29,,4538,2024-12-02,ee3bb0a3-a903-11ef-88a3-b332ca0a7804,41.9104,-70.642
"32669,United States",1,2,4302,2309,Qualprint,4538 - HASHVI 2412205,1,2024-11-27,OpVnPvMxgZur5plaqKtB,2024-11-29,,4538,2024-12-03,dd2a6088-a904-11ef-b573-3dbb81e63688,29.6609,-82.5852
"14217,United States",1,1,4302,1,Qualprint,4538 - HASHVI 2412205,1,2024-11-27,OpVnPvMxgZur5plaqKtB,2024-11-29,,4538,2024-11-30,476c9881-a903-11ef-aadf-c9ca81d212b8,42.9719,-78.8769
"17102,United States",1,1,4302,1,Qualprint,4538 - HASHVI 2412205,1,2024-11-27,OpVnPvMxgZur5plaqKtB,2024-11-29,,4538,2024-12-02,1b2508f6-a904-11ef-b487-5988d5a3dcfe,40.2728,-76.891
"90024,United States",1,1,4302,2309,Qualprint,4538 - HASHVI 2412205,1,2024-11-27,OpVnPvMxgZur5plaqKtB,2024-11-29,,4538,2024-12-03,0b45ecb3-a904-11ef-9cfe-4d2828bc361d,34.0637,-118.4408
"24701,United States",1,1,4302,2309,Qualprint,4538 - HASHVI 2412205,1,2024-11-27,OpVnPvMxgZur5plaqKtB,2024-11-29,,4538,2024-12-02,09b270e3-a903-11ef-9cfe-4d2828bc361d,37.2698,-81.2223
"07009,United States",1,1,4302,2309,Qualprint,4538 - HASHVI 2412205,1,2024-11-27,OpVnPvMxgZur5plaqKtB,2024-11-29,,4538,2024-12-02,d1bb8190-a902-11ef-af60-9db9032a0ac8,40.8534,-74.2297
"34108,United States",1,1,4302,1,Qualprint,4538 - HASHVI 2412205,1,2024-11-27,OpVnPvMxgZur5plaqKtB,2024-11-29,,4538,2024-12-02,bbe5cbaf-a903-11ef-aa98-5d162523f7e3,26.2416,-81.8071
"48507,United States",1,1,4302,1231,Qualprint,4538 - HASHVI 2412205,1,2024-11-27,OpVnPvMxgZur5plaqKtB,2024-11-29,,4538,2024-11-30,34605833-a903-11ef-9ad8-3d831072383e,42.9821,-83.734
"87108,United States",1,1,4302,1231,Qualprint,4538 - HASHVI 2412205,1,2024-11-27,OpVnPvMxgZur5plaqKtB,2024-11-29,,4538,2024-12-02,66e897e0-a903-11ef-aadf-c9ca81d212b8,35.0726,-106.5749
"34134,United States",1,1,4302,1231,Qualprint,4538 - HASHVI 2412205,1,2024-11-27,OpVnPvMxgZur5plaqKtB,2024-11-29,,4538,2024-12-02,5bfb0bf7-a903-11ef-baa6-dd3a3af2e730,26.3626,-81.8183
"12040,United States",1,1,4302,1,Qualprint,4538 - HASHVI 2412205,1,2024-11-27,OpVnPvMxgZur5plaqKtB,2024-11-27,,4538,2024-11-29,0eacc900-a905-11ef-9696-4de1e6330e26,42.6467,-73.3716
"20910,United States",1,1,4302,1231,Qualprint,4538 - HASHVI 2412205,1,2024-11-27,OpVnPvMxgZur5plaqKtB,2024-11-29,,4538,2024-12-02,ff3bd7d0-a904-11ef-9696-4de1e6330e26,38.9982,-77.0338
"60014,United States",1,1,4302,1231,Qualprint,4538 - HASHVI 2412205,1,2024-11-27,OpVnPvMxgZur5plaqKtB,2024-11-29,,4538,2024-12-02,10ae2921-a903-11ef-9cfe-4d2828bc361d,42.2308,-88.3324
"11106,United States",1,1,4302,1,Qualprint,4538 - HASHVI 2412205,1,2024-11-27,OpVnPvMxgZur5plaqKtB,2024-11-29,,4538,2024-12-02,fdaa5073-a906-11ef-9ce1-e96fbc32e388,40.7608,-73.9295
"02780,United States",1,1,4302,1,Qualprint,4538 - HASHVI 2412205,1,2024-11-27,OpVnPvMxgZur5plaqKtB,2024-11-29,,4538,2024-12-02,1bb0f574-a904-11ef-a570-9dcc894cbec2,41.905,-71.1026
"12183,United States",1,1,4302,1231,Qualprint,4538 - HASHVI 2412205,1,2024-11-27,OpVnPvMxgZur5plaqKtB,2024-11-27,,4538,2024-11-29,d55c8b3c-a904-11ef-88a3-b332ca0a7804,42.746,-73.6943
"02882,United States",1,1,4302,1231,Qualprint,4538 - HASHVI 2412205,1,2024-11-27,OpVnPvMxgZur5plaqKtB,2024-11-29,,4538,2024-12-02,1adb0ad1-a908-11ef-98d9-c10003640bf5,41.4353,-71.4616
"46032,United States",1,1,4302,1231,Qualprint,4538 - HASHVI 2412205,1,2024-11-27,OpVnPvMxgZur5plaqKtB,2024-11-29,,4538,2024-12-02,48c7c64c-a904-11ef-a570-9dcc894cbec2,39.9712,-86.1245
"32127,United States",1,1,4302,1,Qualprint,4538 - HASHVI 2412205,1,2024-11-27,OpVnPvMxgZur5plaqKtB,2024-11-29,,4538,2024-12-03,a51dc651-a904-11ef-8316-2956f7236738,29.1383,-80.9956
"34232,United States",1,1,4302,1231,Qualprint,4538 - HASHVI 2412205,1,2024-11-27,OpVnPvMxgZur5plaqKtB,2024-11-29,,4538,2024-11-30,6b6ebc35-a903-11ef-aadf-c9ca81d212b8,27.3262,-82.4724
"98102,United States",1,1,4302,1,Qualprint,4538 - HASHVI 2412205,1,2024-11-27,OpVnPvMxgZur5plaqKtB,2024-11-29,,4538,2024-12-02,7a4df4aa-a903-11ef-aadf-c9ca81d212b8,47.6302,-122.321
"07461,United States",1,1,4302,2900,Qualprint,4538 - HASHVI 2412205,1,2024-11-27,OpVnPvMxgZur5plaqKtB,2024-11-29,,4538,2024-12-02,1e397f93-a905-11ef-b573-3dbb81e63688,41.2292,-74.5992
"11791,United States",1,1,4302,1,Qualprint,4538 - HASHVI 2412205,1,2024-11-27,OpVnPvMxgZur5plaqKtB,2024-11-29,,4538,2024-11-29,d868af33-a903-11ef-b6ee-99fe490b983b,40.8146,-73.5024
"07624,United States",1,1,4302,2900,Qualprint,4538 - HASHVI 2412205,1,2024-11-27,OpVnPvMxgZur5plaqKtB,2024-11-29,,4538,2024-12-02,53828cd1-a905-11ef-b8d3-b3f555baf86b,40.9721,-73.959
"84036,United States",1,1,4302,2397,Qualprint,4538 - HASHVI 2412205,1,2024-11-27,OpVnPvMxgZur5plaqKtB,2024-11-29,,4538,2024-12-02,72f0f7a1-a905-11ef-b8d3-b3f555baf86b,40.6414,-111.2619
"06450,United States",1,1,4302,1,Qualprint,4538 - HASHVI 2412205,1,2024-11-27,OpVnPvMxgZur5plaqKtB,2024-11-29,,4538,2024-11-29,74997ee7-a902-11ef-baa6-dd3a3af2e730,41.5334,-72.7997
"06762,United States",1,1,4302,2900,Qualprint,4538 - HASHVI 2412205,1,2024-11-27,OpVnPvMxgZur5plaqKtB,2024-11-29,,4538,2024-11-29,dc641533-a902-11ef-91e3-f775831144c7,41.5343,-73.1131
"03110,United States",1,1,4302,1,Qualprint,4538 - HASHVI 2412205,1,2024-11-27,OpVnPvMxgZur5plaqKtB,2024-11-29,,4538,2024-12-02,aecd0903-a908-11ef-9562-c1c871c2ed10,42.9403,-71.5213
"62704,United States",1,1,4302,2900,Qualprint,4538 - HASHVI 2412205,1,2024-11-27,OpVnPvMxgZur5plaqKtB,2024-11-29,,4538,2024-12-02,15442c0d-a903-11ef-937d-7f9df8d1bd99,39.7725,-89.6889
"24450,United States",1,1,4302,2900,Qualprint,4538 - HASHVI 2412205,1,2024-11-27,OpVnPvMxgZur5plaqKtB,2024-11-29,,4538,2024-12-02,0323c7c0-a902-11ef-af60-9db9032a0ac8,37.7885,-79.4581
"19425,United States",1,1,4302,2900,Qualprint,4538 - HASHVI 2412205,1,2024-11-27,OpVnPvMxgZur5plaqKtB,2024-11-29,,4538,2024-11-29,ca90d4ad-a903-11ef-aa98-5d162523f7e3,40.0978,-75.6398
"01340,United States",1,1,4302,2900,Qualprint,4538 - HASHVI 2412205,1,2024-11-27,OpVnPvMxgZur5plaqKtB,2024-11-29,,4538,2024-12-02,13c808c1-a902-11ef-aa2f-afeb17addb22,42.679,-72.7265
"38139,United States",1,1,4302,2900,Qualprint,4538 - HASHVI 2412205,1,2024-11-27,OpVnPvMxgZur5plaqKtB,2024-11-29,,4538,2024-12-29,37889a31-a903-11ef-b487-5988d5a3dcfe,35.0874,-89.7703
"10901,United States",1,1,4302,1,Qualprint,4538 - HASHVI 2412205,1,2024-11-27,OpVnPvMxgZur5plaqKtB,2024-11-29,,4538,2024-11-29,54fb18ba-a904-11ef-a570-9dcc894cbec2,41.1177,-74.1241
"03301,United States",1,1,4302,1,Qualprint,4538 - HASHVI 2412205,1,2024-11-27,OpVnPvMxgZur5plaqKtB,2024-11-29,,4538,2024-12-02,16cbb675-a903-11ef-a727-9bf7a5686735,43.2185,-71.5277
"47274,United States",1,1,4302,1,Qualprint,4538 - HASHVI 2412205,1,2024-11-27,OpVnPvMxgZur5plaqKtB,2024-11-29,,4538,2024-12-02,3abbe35a-a904-11ef-8316-2956f7236738,38.9571,-85.8825
"91361,United States",1,1,4302,1,Qualprint,4538 - HASHVI 2412205,1,2024-11-27,OpVnPvMxgZur5plaqKtB,2024-11-29,,4538,2024-12-03,dfa0b7b0-a904-11ef-b8d3-b3f555baf86b,34.1472,-118.8383
"97229,United States",1,1,4302,1234,Qualprint,4538 - HASHVI 2412205,1,2024-11-27,OpVnPvMxgZur5plaqKtB,2024-11-29,,4538,2024-12-02,259ff251-a903-11ef-91e3-f775831144c7,45.5483,-122.8276
"12078,United States",1,1,4302,1234,Qualprint,4538 - HASHVI 2412205,1,2024-11-27,OpVnPvMxgZur5plaqKtB,2024-11-27,,4538,2024-11-29,82a5cf97-a905-11ef-8358-256b6d840bfb,43.0616,-74.3375
"04074,United States",1,1,4302,1234,Qualprint,4538 - HASHVI 2412205,1,2024-11-27,OpVnPvMxgZur5plaqKtB,2024-11-29,SOUTHERN MAINE,4538,2024-11-29,0fa98a61-a903-11ef-baa6-dd3a3af2e730,43.5835,-70.3457
"05401,United States",1,1,4302,1,Qualprint,4538 - HASHVI 2412205,1,2024-11-27,OpVnPvMxgZur5plaqKtB,2024-11-29,,4538,2024-12-02,39e41670-a903-11ef-937d-7f9df8d1bd99,44.484,-73.2199
"11421,United States",1,1,4302,1,Qualprint,4538 - HASHVI 2412205,1,2024-11-27,OpVnPvMxgZur5plaqKtB,2024-11-29,,4538,2024-11-30,4c71464a-a904-11ef-a570-9dcc894cbec2,40.6913,-73.8585
"02048,United States",1,1,4302,1234,Qualprint,4538 - HASHVI 2412205,1,2024-11-27,OpVnPvMxgZur5plaqKtB,2024-11-29,,4538,2024-12-02,280b6221-a905-11ef-9696-4de1e6330e26,42.0212,-71.2178
"06249,United States",1,1,4302,1234,Qualprint,4538 - HASHVI 2412205,1,2024-11-27,OpVnPvMxgZur5plaqKtB,2024-11-29,,4538,2024-11-29,90acd7d2-a902-11ef-af60-9db9032a0ac8,41.633,-72.244
"06851,United States",1,1,4302,1234,Qualprint,4538 - HASHVI 2412205,1,2024-11-27,OpVnPvMxgZur5plaqKtB,2024-11-29,,4538,2024-12-02,796caa7f-a905-11ef-b8d3-b3f555baf86b,41.1323,-73.4058
"11599,United States",1,1,4302,1,Qualprint,4538 - HASHVI 2412205,1,2024-11-27,OpVnPvMxgZur5plaqKtB,2024-11-29,WESTERN NASSAU,4538,2024-12-02,452618ff-a905-11ef-b8d3-b3f555baf86b,40.7268,-73.6343
"06026,United States",1,1,4302,1234,Qualprint,4538 - HASHVI 2412205,1,2024-11-27,OpVnPvMxgZur5plaqKtB,2024-11-29,,4538,2024-11-29,a982e010-a902-11ef-85d7-937e2415baf8,41.9322,-72.7459
"01504,United States",1,1,4302,1234,Qualprint,4538 - HASHVI 2412205,1,2024-11-27,OpVnPvMxgZur5plaqKtB,2024-11-29,,4538,2024-12-02,1d05a541-a903-11ef-9cfe-4d2828bc361d,42.0287,-71.5269
"11225,United States",1,1,4302,1234,Qualprint,4538 - HASHVI 2412205,1,2024-11-27,OpVnPvMxgZur5plaqKtB,2024-11-29,,4538,2024-11-29,57edcba5-a904-11ef-a570-9dcc894cbec2,40.6628,-73.9546
"06422,United States",1,1,4302,1,Qualprint,4538 - HASHVI 2412205,1,2024-11-27,OpVnPvMxgZur5plaqKtB,2024-11-29,,4538,2024-11-29,b5615ba1-a902-11ef-af60-9db9032a0ac8,41.465,-72.6875
"43402,United States",1,1,4302,1234,Qualprint,4538 - HASHVI 2412205,1,2024-11-27,OpVnPvMxgZur5plaqKtB,2024-11-29,,4538,2024-11-30,e19478c4-a901-11ef-8414-b1dc88d05ed4,41.3815,-83.6507
"23221,United States",1,1,4302,1,Qualprint,4538 - HASHVI 2412205,1,2024-11-27,OpVnPvMxgZur5plaqKtB,2024-11-29,,4538,2024-12-02,f5adede3-a902-11ef-8414-b1dc88d05ed4,37.5583,-77.4845
"02118,United States",1,1,4302,1,Qualprint,4538 - HASHVI 2412205,1,2024-11-27,OpVnPvMxgZur5plaqKtB,2024-11-27,,4538,2024-11-29,164cdee5-a902-11ef-baa6-dd3a3af2e730,42.3362,-71.0729
"77315,United States",1,1,4302,2341,Qualprint,4538 - HASHVI 2412205,1,2024-11-27,OpVnPvMxgZur5plaqKtB,2024-11-29,NORTH HOUSTON,4538,2024-12-02,7235f6f7-a903-11ef-b9a6-cb521dbaab41,29.834,-95.4342
"97230,United States",1,1,4302,2341,Qualprint,4538 - HASHVI 2412205,1,2024-11-27,OpVnPvMxgZur5plaqKtB,2024-11-29,,4538,2024-12-02,fe4506a8-a902-11ef-937d-7f9df8d1bd99,45.5472,-122.5001
"99801,United States",1,1,4302,4000,Qualprint,4538 - HASHVI 2412205,1,2024-11-27,OpVnPvMxgZur5plaqKtB,2024-11-29,JUNEAU,4538,2024-12-03,aead9709-a904-11ef-b573-3dbb81e63688,58.3628,-134.5294
"46703,United States",1,1,4302,2341,Qualprint,4538 - HASHVI 2412205,1,2024-11-27,OpVnPvMxgZur5plaqKtB,2024-11-29,,4538,2024-12-02,1e6fee33-a904-11ef-85d7-937e2415baf8,41.6563,-85.0198
"78727,United States",1,1,4302,1,Qualprint,4538 - HASHVI 2412205,1,2024-11-27,OpVnPvMxgZur5plaqKtB,2024-11-29,,4538,2024-12-02,d634ada1-a902-11ef-bfa6-c5aed389b69d,30.4254,-97.7195
"35473,United States",1,1,4302,2341,Qualprint,4538 - HASHVI 2412205,1,2024-11-27,OpVnPvMxgZur5plaqKtB,2024-11-29,,4538,2024-12-02,362a42b2-a903-11ef-af60-9db9032a0ac8,33.2723,-87.5825
"95101,United States",1,1,4302,2341,Qualprint,4538 - HASHVI 2412205,1,2024-11-27,OpVnPvMxgZur5plaqKtB,2024-11-29,SAN JOSE,4538,2024-12-04,b72a8d77-a903-11ef-91e3-f775831144c7,37.3894,-121.8868
"08527,United States",1,1,4302,1,Qualprint,4538 - HASHVI 2412205,1,2024-11-27,OpVnPvMxgZur5plaqKtB,2024-11-29,,4538,2024-12-02,b79ca5ad-a902-11ef-937d-7f9df8d1bd99,40.121,-74.3017
"78710,United States",1,1,4302,2341,Qualprint,4538 - HASHVI 2412205,1,2024-11-27,OpVnPvMxgZur5plaqKtB,2024-11-29,AUSTIN,4538,2024-12-02,40ea1cf0-a905-11ef-b8d3-b3f555baf86b,30.352,-97.7151
"33138,United States",1,1,4302,2341,Qualprint,4538 - HASHVI 2412205,1,2024-11-27,OpVnPvMxgZur5plaqKtB,2024-11-29,,4538,2024-12-02,a2ccedf7-a903-11ef-aa98-5d162523f7e3,25.8521,-80.1821
"48198,United States",1,1,4302,2341,Qualprint,4538 - HASHVI 2412205,1,2024-11-27,OpVnPvMxgZur5plaqKtB,2024-11-29,,4538,2024-11-30,28382968-a903-11ef-9ad8-3d831072383e,42.2439,-83.583
"07940,United States",1,1,4302,2341,Qualprint,4538 - HASHVI 2412205,1,2024-11-27,OpVnPvMxgZur5plaqKtB,2024-11-29,,4538,2024-12-02,d51f1acc-a909-11ef-94d8-b5b5eeff81e8,40.7599,-74.4179
"76258,United States",1,1,4302,1,Qualprint,4538 - HASHVI 2412205,1,2024-11-27,OpVnPvMxgZur5plaqKtB,2024-11-29,,4538,2024-12-02,b73b24b4-a902-11ef-baa6-dd3a3af2e730,33.371,-96.9446
"12202,United States",1,1,4302,2341,Qualprint,4538 - HASHVI 2412205,1,2024-11-27,OpVnPvMxgZur5plaqKtB,2024-11-27,,4538,2024-11-29,82864ba8-a903-11ef-aadf-c9ca81d212b8,42.6413,-73.7641
"02910,United States",1,1,4302,2341,Qualprint,4538 - HASHVI 2412205,1,2024-11-27,OpVnPvMxgZur5plaqKtB,2024-11-29,,4538,2024-12-02,1d3d1389-a904-11ef-aa98-5d162523f7e3,41.7766,-71.4383
"06066,United States",1,1,4302,1,Qualprint,4538 - HASHVI 2412205,1,2024-11-27,OpVnPvMxgZur5plaqKtB,2024-11-29,,4538,2024-11-29,d58f33f7-a904-11ef-b573-3dbb81e63688,41.8501,-72.4649
"04848,United States",1,1,4302,2341,Qualprint,4538 - HASHVI 2412205,1,2024-11-27,OpVnPvMxgZur5plaqKtB,2024-11-29,,4538,2024-12-02,3dbf4a30-a902-11ef-bec1-9579cdb7a1fb,44.3082,-68.9073
"20854,United States",1,1,4302,1,Qualprint,4538 - HASHVI 2412205,1,2024-11-27,OpVnPvMxgZur5plaqKtB,2024-11-29,,4538,2024-12-02,f15987e5-a902-11ef-baa6-dd3a3af2e730,39.0388,-77.1922
"90039,United States",1,1,4302,2341,Qualprint,4538 - HASHVI 2412205,1,2024-11-27,OpVnPvMxgZur5plaqKtB,2024-11-29,,4538,2024-12-03,41c4b061-a903-11ef-9ad8-3d831072383e,34.1121,-118.2594
"02832,United States",1,1,4302,2341,Qualprint,4538 - HASHVI 2412205,1,2024-11-27,OpVnPvMxgZur5plaqKtB,2024-11-29,,4538,2024-12-02,04cfd4a5-a903-11ef-9ad8-3d831072383e,41.5096,-71.7339
"19947,United States",1,1,4302,2341,Qualprint,4538 - HASHVI 2412205,1,2024-11-27,OpVnPvMxgZur5plaqKtB,2024-11-29,,4538,2024-12-02,2a540f11-a904-11ef-8414-b1dc88d05ed4,38.679,-75.3932
"20011,United States",1,1,4302,2341,Qualprint,4538 - HASHVI 2412205,1,2024-11-27,OpVnPvMxgZur5plaqKtB,2024-11-29,,4538,2024-11-30,122c64c3-a903-11ef-937d-7f9df8d1bd99,38.9518,-77.0203
"77426,United States",1,1,4302,1,Qualprint,4538 - HASHVI 2412205,1,2024-11-27,OpVnPvMxgZur5plaqKtB,2024-11-29,,4538,2024-12-02,ed634771-a902-11ef-bfa6-c5aed389b69d,30.1833,-96.2347
"60025,United States",1,1,4302,1,Qualprint,4538 - HASHVI 2412205,1,2024-11-27,OpVnPvMxgZur5plaqKtB,2024-11-29,,4538,2024-12-02,6382e22c-a904-11ef-937d-7f9df8d1bd99,42.0758,-87.8223
"02188,United States",1,1,4302,2341,Qualprint,4538 - HASHVI 2412205,1,2024-11-27,OpVnPvMxgZur5plaqKtB,2024-11-27,,4538,2024-11-29,c4667636-a903-11ef-88a3-b332ca0a7804,42.2113,-70.9582
"08108,United States",1,1,4302,1,Qualprint,4538 - HASHVI 2412205,1,2024-11-27,OpVnPvMxgZur5plaqKtB,2024-11-29,,4538,2024-12-02,74650168-a902-11ef-9b93-e1092a6c0f16,39.9157,-75.0634
"06281,United States",1,1,4302,2341,Qualprint,4538 - HASHVI 2412205,1,2024-11-27,OpVnPvMxgZur5plaqKtB,2024-11-29,,4538,2024-11-29,fbd258f1-a902-11ef-897a-4f7ac04b3f94,41.9602,-72.004
"10530,United States",1,1,4302,2341,Qualprint,4538 - HASHVI 2412205,1,2024-11-27,OpVnPvMxgZur5plaqKtB,2024-11-29,,4538,2024-12-02,6ce7f1e2-a907-11ef-a1c5-e17f56c85513,41.0197,-73.8074
"53517,United States",1,1,4302,1,Qualprint,4538 - HASHVI 2412205,1,2024-11-27,OpVnPvMxgZur5plaqKtB,2024-11-29,,4538,2024-12-02,1e732d3a-a905-11ef-b573-3dbb81e63688,43.005,-89.8345
"06109,United States",1,1,4302,2341,Qualprint,4538 - HASHVI 2412205,1,2024-11-27,OpVnPvMxgZur5plaqKtB,2024-11-29,,4538,2024-11-29,05590c61-a904-11ef-8414-b1dc88d05ed4,41.7013,-72.6763
"06840,United States",1,1,4302,1,Qualprint,4538 - HASHVI 2412205,1,2024-11-27,OpVnPvMxgZur5plaqKtB,2024-11-29,,4538,2024-12-02,3f3de922-a904-11ef-a570-9dcc894cbec2,41.151,-73.4944
"02115,United States",1,1,4302,2341,Qualprint,4538 - HASHVI 2412205,1,2024-11-27,OpVnPvMxgZur5plaqKtB,2024-11-27,,4538,2024-11-29,13e143e7-a907-11ef-bc91-131e826f415b,42.3427,-71.0922
"02909,United States",1,1,4302,1,Qualprint,4538 - HASHVI 2412205,1,2024-11-27,OpVnPvMxgZur5plaqKtB,2024-11-29,,4538,2024-12-02,d508ecfc-a904-11ef-b8d3-b3f555baf86b,41.8206,-71.4443
"05773,United States",1,1,4302,1,Qualprint,4538 - HASHVI 2412205,1,2024-11-27,OpVnPvMxgZur5plaqKtB,2024-11-29,,4538,2024-12-02,4475b4b7-a905-11ef-b8d3-b3f555baf86b,43.4573,-72.9877
"08050,United States",1,1,4302,1,Qualprint,4538 - HASHVI 2412205,1,2024-11-27,OpVnPvMxgZur5plaqKtB,2024-11-29,,4538,2024-12-02,77910caa-a905-11ef-b8d3-b3f555baf86b,39.705,-74.2604
"01571,United States",1,1,4302,2341,Qualprint,4538 - HASHVI 2412205,1,2024-11-27,OpVnPvMxgZur5plaqKtB,2024-11-29,,4538,2024-12-02,a914dc11-a902-11ef-9b93-e1092a6c0f16,42.0489,-71.8932
"92122,United States",1,1,4302,1,Qualprint,4538 - HASHVI 2412205,1,2024-11-27,OpVnPvMxgZur5plaqKtB,2024-11-29,,4538,2024-12-03,04d9bfc2-a903-11ef-8414-b1dc88d05ed4,32.8577,-117.2115
"11040,United States",1,1,4302,2341,Qualprint,4538 - HASHVI 2412205,1,2024-11-27,OpVnPvMxgZur5plaqKtB,2024-11-29,,4538,2024-12-02,2824534c-a903-11ef-9cfe-4d2828bc361d,40.7294,-73.6828
"79549,United States",1,1,4302,1,Qualprint,4538 - HASHVI 2412205,1,2024-11-27,OpVnPvMxgZur5plaqKtB,2024-11-29,,4538,2024-12-02,dc3a9ec7-a903-11ef-aa98-5d162523f7e3,32.7451,-100.9175
"18042,United States",1,1,4302,2341,Qualprint,4538 - HASHVI 2412205,1,2024-11-27,OpVnPvMxgZur5plaqKtB,2024-11-29,,4538,2024-11-30,0182a580-a903-11ef-9ad8-3d831072383e,40.6516,-75.224
"90067,United States",1,1,4302,1,Qualprint,4538 - HASHVI 2412205,1,2024-11-27,OpVnPvMxgZur5plaqKtB,2024-11-29,,4538,2024-12-03,1a303e21-a903-11ef-b487-5988d5a3dcfe,34.0551,-118.4095
"01606,United States",1,1,4302,2341,Qualprint,4538 - HASHVI 2412205,1,2024-11-27,OpVnPvMxgZur5plaqKtB,2024-11-29,,4538,2024-12-02,d25be04c-a902-11ef-b487-5988d5a3dcfe,42.311,-71.7958
"06037,United States",1,1,4302,2341,Qualprint,4538 - HASHVI 2412205,1,2024-11-27,OpVnPvMxgZur5plaqKtB,2024-11-29,,4538,2024-11-29,02104d44-a908-11ef-ab85-01800d5c149a,41.6215,-72.7457
"13502,United States",1,1,4302,1,Qualprint,4538 - HASHVI 2412205,1,2024-11-27,OpVnPvMxgZur5plaqKtB,2024-11-29,,4538,2024-12-13,68e47267-a904-11ef-88a3-b332ca0a7804,43.1067,-75.2314
"12083,United States",1,1,4302,1,Qualprint,4538 - HASHVI 2412205,1,2024-11-27,OpVnPvMxgZur5plaqKtB,2024-11-27,,4538,2024-11-29,5eeef799-a903-11ef-aadf-c9ca81d212b8,42.4113,-74.0222
"33410,United States",1,1,4302,1200,Qualprint,4538 - HASHVI 2412205,1,2024-11-27,OpVnPvMxgZur5plaqKtB,2024-11-29,,4538,2024-12-02,bc153574-a902-11ef-bec1-9579cdb7a1fb,26.8234,-80.1387
"01036,United States",1,1,4302,2341,Qualprint,4538 - HASHVI 2412205,1,2024-11-27,OpVnPvMxgZur5plaqKtB,2024-11-29,,4538,2024-11-29,35a14a51-a908-11ef-98d9-c10003640bf5,42.0648,-72.4318
"20850,United States",1,1,4302,1,Qualprint,4538 - HASHVI 2412205,1,2024-11-27,OpVnPvMxgZur5plaqKtB,2024-11-29,,4538,2024-12-02,b0d8b476-a904-11ef-b573-3dbb81e63688,39.087,-77.168
"01879,United States",1,1,4302,2341,Qualprint,4538 - HASHVI 2412205,1,2024-11-27,OpVnPvMxgZur5plaqKtB,2024-11-27,,4538,2024-11-29,6657b7a5-a905-11ef-b8d3-b3f555baf86b,42.6724,-71.4158
"28150,United States",1,1,4302,1,Qualprint,4538 - HASHVI 2412205,1,2024-11-27,OpVnPvMxgZur5plaqKtB,2024-11-29,,4538,2024-12-02,e8fa20f1-a902-11ef-b972-275f3d92c4ca,35.312,-81.5568
"08533,United States",1,1,4302,1200,Qualprint,4538 - HASHVI 2412205,1,2024-11-27,OpVnPvMxgZur5plaqKtB,2024-11-29,,4538,2024-12-02,d1f06591-a908-11ef-98d9-c10003640bf5,40.0713,-74.5067
"11372,United States",1,1,4302,1,Qualprint,4538 - HASHVI 2412205,1,2024-11-27,OpVnPvMxgZur5plaqKtB,2024-11-29,,4538,2024-11-30,1fb6c61b-a904-11ef-b573-3dbb81e63688,40.7513,-73.883
"10468,United States",1,1,4302,2341,Qualprint,4538 - HASHVI 2412205,1,2024-11-27,OpVnPvMxgZur5plaqKtB,2024-11-27,,4538,2024-11-29,8241e101-a909-11ef-9917-2147aa62b32f,40.8662,-73.9003
"10026,United States",1,1,4302,1,Qualprint,4538 - HASHVI 2412205,1,2024-11-27,OpVnPvMxgZur5plaqKtB,2024-11-27,,4538,2024-11-29,39562e41-a903-11ef-ac12-fff481f5d281,40.8019,-73.9531
"01037,United States",1,1,4302,1,Qualprint,4538 - HASHVI 2412205,1,2024-11-27,OpVnPvMxgZur5plaqKtB,2024-11-29,,4538,2024-11-29,c7f118f4-a902-11ef-91e3-f775831144c7,42.3479,-72.2253
"63131,United States",1,1,4302,1200,Qualprint,4538 - HASHVI 2412205,1,2024-11-27,OpVnPvMxgZur5plaqKtB,2024-11-29,,4538,2024-12-02,a9999c68-a902-11ef-871c-ed8924add163,38.6171,-90.4504
"07456,United States",1,1,4302,1200,Qualprint,4538 - HASHVI 2412205,1,2024-11-27,OpVnPvMxgZur5plaqKtB,2024-11-29,,4538,2024-12-02,6d6eb571-a904-11ef-bec1-9579cdb7a1fb,41.0928,-74.2659
"07748,United States",1,1,4302,1200,Qualprint,4538 - HASHVI 2412205,1,2024-11-27,OpVnPvMxgZur5plaqKtB,2024-11-29,,4538,2024-12-02,2e2eb131-a904-11ef-bec1-9579cdb7a1fb,40.3944,-74.1157
"06708,United States",1,1,4302,1,Qualprint,4538 - HASHVI 2412205,1,2024-11-27,OpVnPvMxgZur5plaqKtB,2024-11-29,,4538,2024-11-29,179fb2c5-a904-11ef-a570-9dcc894cbec2,41.5511,-73.0645
"12501,United States",1,1,4302,1200,Qualprint,4538 - HASHVI 2412205,1,2024-11-27,OpVnPvMxgZur5plaqKtB,2024-11-29,,4538,2024-11-29,085503d9-a903-11ef-9ad8-3d831072383e,41.8447,-73.5542
"02703,United States",1,1,4302,1200,Qualprint,4538 - HASHVI 2412205,1,2024-11-27,OpVnPvMxgZur5plaqKtB,2024-11-29,,4538,2024-12-02,0f1a7eef-a905-11ef-b8d3-b3f555baf86b,41.9296,-71.3009
"10707,United States",1,1,4302,1200,Qualprint,4538 - HASHVI 2412205,1,2024-11-27,OpVnPvMxgZur5plaqKtB,2024-11-29,,4538,2024-11-29,5983bfeb-a902-11ef-bf6d-e598677580ab,40.9569,-73.8198
"66205,United States",1,1,4302,1200,Qualprint,4538 - HASHVI 2412205,1,2024-11-27,OpVnPvMxgZur5plaqKtB,2024-11-29,,4538,2024-12-02,b24304a4-a902-11ef-af60-9db9032a0ac8,39.0278,-94.6558
"66208,United States",1,1,4302,1,Qualprint,4538 - HASHVI 2412205,1,2024-11-27,OpVnPvMxgZur5plaqKtB,2024-11-29,,4538,2024-12-02,25be3dd5-a905-11ef-b573-3dbb81e63688,38.9917,-94.6336
"10029,United States",1,1,4302,1200,Qualprint,4538 - HASHVI 2412205,1,2024-11-27,OpVnPvMxgZur5plaqKtB,2024-11-27,,4538,2024-11-29,049c6891-a903-11ef-97ba-e7c3c1d85211,40.7918,-73.9447
"01520,United States",1,1,4302,1200,Qualprint,4538 - HASHVI 2412205,1,2024-11-27,OpVnPvMxgZur5plaqKtB,2024-11-29,,4538,2024-12-02,0aaa3e67-a903-11ef-9ad8-3d831072383e,42.342,-71.8414
"23120,United States",1,1,4302,1,Qualprint,4538 - HASHVI 2412205,1,2024-11-27,OpVnPvMxgZur5plaqKtB,2024-11-29,,4538,2024-12-02,0cab058c-a905-11ef-b8d3-b3f555baf86b,37.426,-77.7585
"01033,United States",1,1,4302,1,Qualprint,4538 - HASHVI 2412205,1,2024-11-27,OpVnPvMxgZur5plaqKtB,2024-11-29,,4538,2024-11-29,2afb99b5-a904-11ef-871c-ed8924add163,42.2557,-72.52
"01518,United States",1,1,4302,1200,Qualprint,4538 - HASHVI 2412205,1,2024-11-27,OpVnPvMxgZur5plaqKtB,2024-11-29,,4538,2024-12-02,c3364143-a908-11ef-9562-c1c871c2ed10,42.1228,-72.1178
"29466,United States",1,1,4302,1200,Qualprint,4538 - HASHVI 2412205,1,2024-11-27,OpVnPvMxgZur5plaqKtB,2024-11-29,,4538,2024-11-30,fe1f39b6-a903-11ef-b6ee-99fe490b983b,32.8674,-79.8049
"01821,United States",1,1,4302,1,Qualprint,4538 - HASHVI 2412205,1,2024-11-27,OpVnPvMxgZur5plaqKtB,2024-11-27,,4538,2024-11-29,e4d9752c-a902-11ef-9ad8-3d831072383e,42.5519,-71.2518
"12498,United States",1,1,4302,1200,Qualprint,4538 - HASHVI 2412205,1,2024-11-27,OpVnPvMxgZur5plaqKtB,2024-11-29,,4538,2024-11-29,32a27b89-a903-11ef-937d-7f9df8d1bd99,42.0348,-74.112
"02540,United States",1,1,4302,1,Qualprint,4538 - HASHVI 2412205,1,2024-11-27,OpVnPvMxgZur5plaqKtB,2024-11-29,,4538,2024-12-02,548282a2-a903-11ef-937d-7f9df8d1bd99,41.5648,-70.6217
"02568,United States",1,1,4302,1200,Qualprint,4538 - HASHVI 2412205,1,2024-11-27,OpVnPvMxgZur5plaqKtB,2024-11-29,,4538,2024-12-02,914a294f-a902-11ef-af60-9db9032a0ac8,41.45,-70.5937